"","band_num","species"
"1","795-69001","Unknown"
"2","795-69019","Unknown"
"3","795-69012","Unknown"
"4","795-69013","Unknown"
"5","795-69016","Unknown"
"6","795-69017","Unknown"
"7","795-69018","Unknown"
"8","795-69020","Unknown"
"9","795-69021","Unknown"
"10","795-69026","Unknown"
"11","795-69028","Unknown"
"12","795-69032","Unknown"
"13","795-69034","Unknown"
"14","795-69038","Unknown"
"15","795-69039","Unknown"
"16","795-69040","Unknown"
"17","795-69042","Unknown"
"18","795-69044","Unknown"
"19","795-69045","Unknown"
"20","795-69046","Unknown"
"21","795-69047","Unknown"
"22","795-69048","Unknown"
"23","795-69049","Unknown"
"24","795-69050","Unknown"
"25","795-69051","Unknown"
"26","795-69053","Unknown"
"27","795-69054","Unknown"
"28","795-69055","Unknown"
"29","795-69056","Unknown"
"30","795-69057","Unknown"
"31","795-69058","Unknown"
"32","795-69059","Unknown"
"33","795-69010","Unknown"
"34","795-69060","Unknown"
"35","795-69061","Unknown"
"36","795-69062","Unknown"
"37","795-69064","Unknown"
"38","795-69066","Unknown"
"39","795-69067","Unknown"
"40","795-69069","Unknown"
"41","795-69077","Unknown"
"42","795-69079","Unknown"
"43","795-69081","Unknown"
"44","795-69085","Unknown"
"45","795-69087","Unknown"
"46","795-69089","Unknown"
"47","795-69092","Unknown"
"48","795-74112","Unknown"
"49","775-74117","Unknown"
"50","775-74119","Unknown"
"51","775-74120","Unknown"
"52","775-74121","Unknown"
"53","775-74122","Unknown"
"54","775-74123","Unknown"
"55","775-74124","Unknown"
"56","775-74125","Unknown"
"57","775-74126","Unknown"
"58","775-74127","Unknown"
"59","775-74128","Unknown"
"60","775-74129","Unknown"
"61","775-74130","Unknown"
"62","775-74131","Unknown"
"63","775-74132","Unknown"
"64","775-74134","Unknown"
"65","775-74136","Unknown"
"66","775-74138","Unknown"
"67","775-74144","Unknown"
"68","775-74156","Unknown"
"69","775-74158","Unknown"
"70","775-74157","Unknown"
"71","775-74166","Unknown"
"72","775-74176","Unknown"
"73","775-74177","Unknown"
"74","775-74190","Unknown"
"75","775-74309","Unknown"
"76","775-74321","Unknown"
"77","775-74323","Unknown"
"78","775-74325","Unknown"
"79","775- 74327","Unknown"
"80","775-74327","Unknown"
"81","775-74348","Unknown"
"82","775-74350","Unknown"
"83","775-75353","Unknown"
"84","775-74355","Unknown"
"85","775-74356","Unknown"
"86","775-74358","Unknown"
"87","775-74362","Unknown"
"88","775-74369","Unknown"
"89","775-74370","Unknown"
"90","775-74379","Unknown"
"91","775-74383","Unknown"
"92","775-74386","Unknown"
"93","775-74388","Unknown"
"94","775-74390","Unknown"
"95","775-74391","Unknown"
"96","775-74399","Unknown"
"97","775-74201","Unknown"
"98","775-74400","Unknown"
"99","775-74202","Unknown"
"100","775-74206","Unknown"
"101","775-74207","Unknown"
"102","775-74219","Unknown"
"103","775-74221","Unknown"
"104","775-74222","Unknown"
"105","775-74223","Unknown"
"106","775-74224","Unknown"
"107","775-74225","Unknown"
"108","775-74226","Unknown"
"109","775-74228","Unknown"
"110","775-74233","Unknown"
"111","775-74251","Unknown"
"112","775-74252","Unknown"
"113","775-74253","Unknown"
"114","775-74254","Unknown"
"115","775-74255","Unknown"
"116","775-74256","Unknown"
"117","775-74257","Unknown"
"118","775-74259","Unknown"
"119","775-74260","Unknown"
"120","775-74262","Unknown"
"121","775-74264","Unknown"
"122","775-74267","Unknown"
"123","775-74277","Unknown"
"124","775-74278","Unknown"
"125","775-74279","Unknown"
"126","775-74280","Unknown"
"127","775-74281","Unknown"
"128","775-74282","Unknown"
"129","775-74433","Unknown"
"130","775-74434","Unknown"
"131","775-74435","Unknown"
"132","775-74436","Unknown"
"133","775-74301","Unknown"
"134","775-74457","Unknown"
"135","775-74458","Unknown"
"136","775-74460","Unknown"
"137","775-74465","Unknown"
"138","775-74463","Unknown"
"139","865-18504+CB","Unknown"
"140","865-18506+CB","Unknown"
"141","865-18508+CB","Unknown"
"142","865-18509+CB","Unknown"
"143","865-18511+CB","Unknown"
"144","865-18512+CB","Unknown"
"145","865-18514+CB","Unknown"
"146","865-18532+CB","Unknown"
"147","865-18533+CB","Unknown"
"148","865-18540+CB","Unknown"
"149","865-18544+CB","Unknown"
"150","865-18559+CB","Unknown"
"151","865-18571+CB","Unknown"
"152","865-18539+GCB","Unknown"
"153","865-18742","Unknown"
"154","865-18746","Unknown"
"155","865-18536","Unknown"
"156","865-18581","Unknown"
"157","865-18589","Unknown"
"158","865-18594","Unknown"
"159","865-18596","Unknown"
"160","865-18661+GCB","Unknown"
"161","865-18763+GCB","Unknown"
"162","865-18665+GCB","Unknown"
"163","775-74198","Unknown"
"164","865-18668+Gband","Unknown"
"165","865-18675+RB","Unknown"
"166","865-18678+RB","Unknown"
"167","865-18679+RB","Unknown"
"168","865-18680+RB","Unknown"
"169","865-18684+RB","Unknown"
"170","865-18686+RB","Unknown"
"171","865-18689+RB","Unknown"
"172","865-18690+RB","Unknown"
"173","865-18691+RB","Unknown"
"174","865-18700+RB","Unknown"
"175","865-18805+RB","Unknown"
"176","865-18833+RB","Unknown"
"177","865-18834+RB","Unknown"
"178","865-18878","Unknown"
"179","865-18935","Unknown"
"180","865-18940","Unknown"
"181","865-18942","Unknown"
"182","865-18943","Unknown"
"183","865-18944","Unknown"
"184","755-49218","Unknown"
"185","755-49219","Unknown"
"186","755-49220","Unknown"
"187","755-49230","Unknown"
"188","755-49285","Unknown"
"189","755-49287","Unknown"
"190","755-49297","Unknown"
"191","755-49288","Unknown"
"192","755-49294","Unknown"
"193","755-49296","Unknown"
"194","755-49308","Unknown"
"195","755-49377","Unknown"
"196","755-49385","Unknown"
"197","755-49369","Unknown"
"198","755-49350","Unknown"
"199","755-49348","Unknown"
"200","755-49253","Unknown"
"201","755-49386","Unknown"
"202","755-49371","Unknown"
"203","755-49496+CB","Unknown"
"204","755-49497","Unknown"
"205","755-49247","Unknown"
"206","755-49499","Unknown"
"207","855-43201","Unknown"
"208","855-43203","Unknown"
"209","865-18850","Unknown"
"210","865-18842","Unknown"
"211","885-43219+CB","Unknown"
"212","885-43221+CB","Unknown"
"213","885-43222+CB","Unknown"
"214","885-43223+CB","Unknown"
"215","885-43224+CB","Unknown"
"216","885-43225+CB","Unknown"
"217","755-49468+CB","Unknown"
"218","865-18948","Unknown"
"219","885-43375","Unknown"
"220","885-43377","Unknown"
"221","885-43378","Unknown"
"222","885-43405","Unknown"
"223","885-43421","Unknown"
"224","","Unknown"
"225",NA,"Unknown"
"226","876-04949","Unknown"
"227","876-04950","Unknown"
"228","876-04951","Unknown"
"229","876-04952","Unknown"
"230","876-04967","Unknown"
"231","876-04970","Unknown"
"232","876-04971","Unknown"
"233","876-04972","Unknown"
"234","876-04973","Unknown"
"235","876-04984","Unknown"
"236","876-04985","Unknown"
"237","876-04986","Unknown"
"238","876-04988","Unknown"
"239","876-04989","Unknown"
"240","876-04990","Unknown"
"241","876-04902","Unknown"
"242","876-04997","Unknown"
"243","596-68116","Unknown"
"244","596-68127","Unknown"
"245","596-68130","Unknown"
"246","596-68132","Unknown"
"247","596-68126","Unknown"
"248","596-68115","Unknown"
"249","596-68129","Unknown"
"250","596-68113","Unknown"
"251","596-68168","Unknown"
"252","596-68177","Unknown"
"253","596-68176","Unknown"
"254","596-68180","Unknown"
"255","596-68183","Unknown"
"256","596-68186","Unknown"
"257","596-68187","Unknown"
"258","596-68189","Unknown"
"259","596-68188","Unknown"
"260","596-68196","Unknown"
"261","596-68198","Unknown"
"262","596-68174","Unknown"
"263","596-68167","Unknown"
"264","596-68165","Unknown"
"265","596-68169","Unknown"
"266","596-68171","Unknown"
"267","596-68175","Unknown"
"268","896-62801","Unknown"
"269","896-62896","Unknown"
"270","896-62895","Unknown"
"271","896-62898","Unknown"
"272","896-75105","Unknown"
"273","896-75106","Unknown"
"274","896-75117","Unknown"
"275","896-75118","Unknown"
"276","896-75110","Unknown"
"277","896-75115","Unknown"
"278","896-75159","Unknown"
"279","896-75157","Unknown"
"280","896-75156","Unknown"
"281","896-75153","Unknown"
"282","896-75152","Unknown"
"283","896-75145","Unknown"
"284","896-75146","Unknown"
"285","896-75144","Unknown"
"286","896-75168","Unknown"
"287","896-75165","Unknown"
"288","896-75167","Unknown"
"289","896-75149","Unknown"
"290","896-75147","Unknown"
"291","896-75150","Unknown"
"292","896-75143","Unknown"
"293","896-75141","Unknown"
"294","896-75113","Unknown"
"295","896-75204","Unknown"
"296","896-75207","Unknown"
"297","896-75208","Unknown"
"298","896-75209","Unknown"
"299","896-75210","Unknown"
"300","896-75211","Unknown"
"301","896-75212","Unknown"
"302","896-75215","Unknown"
"303","896-75216","Unknown"
"304","896-75217","Unknown"
"305","896-75218","Unknown"
"306","896-75219","Unknown"
"307","896-75220","Unknown"
"308","896-75221","Unknown"
"309","896-75224","Unknown"
"310","896-75225","Unknown"
"311","896-75236","Unknown"
"312","896-75237","Unknown"
"313","896-75250","Unknown"
"314","896-75266","Unknown"
"315","896-75267","Unknown"
"316","896-75263","Unknown"
"317","896-75290","Unknown"
"318","896-75296","Unknown"
"319","896-75286","Unknown"
"320","896-75288","Unknown"
"321","896-75292","Unknown"
"322","896-75291","Unknown"
"323","896-75293","Unknown"
"324","896-75294","Unknown"
"325","896-75295","Unknown"
"326","896-75299","Unknown"
"327","896-75300","Unknown"
"328","896-75303","Unknown"
"329","896-75304","Unknown"
"330","896-75305","Unknown"
"331","896-75306","Unknown"
"332","896-75307","Unknown"
"333","896-75308","Unknown"
"334","896-75309","Unknown"
"335","896-75349","Unknown"
"336","896-75351","Unknown"
"337","686-13932","Unknown"
"338","896-75287","Unknown"
"339","686-13916","Unknown"
"340","686-13935","Unknown"
"341","686-13937","Unknown"
"342","686-13938","Unknown"
"343","686-13939","Unknown"
"344","686-13940","Unknown"
"345","686-13941","Unknown"
"346","686-13942","Unknown"
"347","686-13943","Unknown"
"348","686-13944","Unknown"
"349","686-13945","Unknown"
"350","686-13946","Unknown"
"351","686-13947","Unknown"
"352","686-13948","Unknown"
"353","686-13949","Unknown"
"354","686-13950","Unknown"
"355","686-13952","Unknown"
"356","686-13953","Unknown"
"357","686-13954","Unknown"
"358","686-13955","Unknown"
"359","686-13956","Unknown"
"360","686-13957","Unknown"
"361","686-13958","Unknown"
"362","686-13959","Unknown"
"363","686-13960","Unknown"
"364","686-13961","Unknown"
"365","686-13963","Unknown"
"366","686-13965","Unknown"
"367","1056-37162","Unknown"
"368","686-13971","Unknown"
"369","686-13974","Unknown"
"370","686-13981","Unknown"
"371","686-13983","Unknown"
"372","686-13984","Unknown"
"373","686-13986","Unknown"
"374","686-13987","Unknown"
"375","686-13991","Unknown"
"376","686-13992","Unknown"
"377","686-13993","Unknown"
"378","686-13994","Unknown"
"379","686-13995","Unknown"
"380","686-13997","Unknown"
"381","686-13998","Unknown"
"382","686-13999","Unknown"
"383","686-14000","Unknown"
"384","896-75163","Unknown"
"385","896-75274","Unknown"
"386","896-75297","Unknown"
"387","896-75344","Unknown"
"388","896-75345","Unknown"
"389","896-75356","Unknown"
"390","896-75359","Unknown"
"391","896-75360","Unknown"
"392","896-75361","Unknown"
"393","896-75362","Unknown"
"394","896-75363","Unknown"
"395","896-75364","Unknown"
"396","896-75365","Unknown"
"397","896-75366","Unknown"
"398","896-75367","Unknown"
"399","896-75368","Unknown"
"400","896-75373","Unknown"
"401","896-75378","Unknown"
"402","896-75380","Unknown"
"403","896-75381","Unknown"
"404","896-75382","Unknown"
"405","896-75393","Unknown"
"406","896-75432","Unknown"
"407","896-75433","Unknown"
"408","896-75434","Unknown"
"409","896-75435","Unknown"
"410","896-75437","Unknown"
"411","896-75438","Unknown"
"412","896-75440","Unknown"
"413","896-75444","Unknown"
"414","896-75445","Unknown"
"415","1016-61301","Unknown"
"416","1016-61302","Unknown"
"417","1016-61304","Unknown"
"418","1016-61308","Unknown"
"419","1016-61309","Unknown"
"420","1016-61310","Unknown"
"421","1016-61315","Unknown"
"422","1016-61316","Unknown"
"423","1016-61318","Unknown"
"424","1016-61319","Unknown"
"425","1016-61321","Unknown"
"426","1016-61324","Unknown"
"427","1016-61327","Unknown"
"428","1016-61328","Unknown"
"429","1016-61330","Unknown"
"430","1016-61331","Unknown"
"431","1016-61332","Unknown"
"432","1016-61334","Unknown"
"433","1016-61337","Unknown"
"434","1016-61338","Unknown"
"435","1016-61340","Unknown"
"436","1016-61342","Unknown"
"437","1016-61343","Unknown"
"438","1016-61344","Unknown"
"439","1016-61345","Unknown"
"440","1016-61349","Unknown"
"441","1016-61350","Unknown"
"442","1016-61353","Unknown"
"443","1016-61354","Unknown"
"444","1016-61355","Unknown"
"445","1016-61357","Unknown"
"446","1016-61359","Unknown"
"447","1016-61360","Unknown"
"448","1016-61361","Unknown"
"449","1016-61362","Unknown"
"450","1016-61364","Unknown"
"451","1016-61366","Unknown"
"452","1016-61368","Unknown"
"453","1016-61371","Unknown"
"454","1016-61372","Unknown"
"455","1016-61377","Unknown"
"456","1016-61378","Unknown"
"457","1016-61379","Unknown"
"458","1016-72003","Unknown"
"459","1016-72004","Unknown"
"460","1016-72005","Unknown"
"461","1016-72007","Unknown"
"462","1016-72008","Unknown"
"463","1016-72009","Unknown"
"464","1016-72011","Unknown"
"465","1016-72012","Unknown"
"466","596-68118","Unknown"
"467","596-68119","Unknown"
"468","596-68120","Unknown"
"469","596-68121","Unknown"
"470","596-68112","Unknown"
"471","596-68123","Unknown"
"472","596-68124","Unknown"
"473","596-68133","Unknown"
"474","596-68172","Unknown"
"475","596-68173","Unknown"
"476","596-68182","Unknown"
"477","596-68184","Unknown"
"478","596-68185","Unknown"
"479","596-68190","Unknown"
"480","596-68191","Unknown"
"481","596-68192","Unknown"
"482","596-68193","Unknown"
"483","596-68197","Unknown"
"484","896-62827","Unknown"
"485","896-62833","Unknown"
"486","896-62834","Unknown"
"487","896-62835","Unknown"
"488","896-62836","Unknown"
"489","896-62837","Unknown"
"490","896-62844","Unknown"
"491","896-62846","Unknown"
"492","896-62864","Unknown"
"493","896-62865","Unknown"
"494","896-62869","Unknown"
"495","896-62872","Unknown"
"496","896-62873","Unknown"
"497","896-62874","Unknown"
"498","896-62877","Unknown"
"499","896-62878","Unknown"
"500","896-62879","Unknown"
"501","896-62882","Unknown"
"502","896-62883","Unknown"
"503","896-62886","Unknown"
"504","896-62899","Unknown"
"505","896-62900","Unknown"
"506","896-75101","Unknown"
"507","896-75102","Unknown"
"508","896-75103","Unknown"
"509","896-75104","Unknown"
"510","896-75107","Unknown"
"511","896-75129","Unknown"
"512","896-75131","Unknown"
"513","896-75142","Unknown"
"514","896-75151","Unknown"
"515","896-75154","Unknown"
"516","896-75158","Unknown"
"517","896-75160","Unknown"
"518","896-75161","Unknown"
"519","896-75162","Unknown"
"520","896-75175","Unknown"
"521","896-75171","Unknown"
"522","896-75138","Unknown"
"523","896-62850","Unknown"
"524","896-62851","Unknown"
"525","896-62852","Unknown"
"526","896-62857","Unknown"
"527","896-62858","Unknown"
"528","896-62859","Unknown"
"529","896-75755","Unknown"
"530","896-75174","Unknown"
"531","896-75172","Unknown"
"532","896-75176","Unknown"
"533","896-75177","Unknown"
"534","896-75178","Unknown"
"535","896-75179","Unknown"
"536","896-75173","Unknown"
"537","896-75186","Unknown"
"538","896-75187","Unknown"
"539","896-75191","Unknown"
"540","896-75192","Unknown"
"541","896-75194","Unknown"
"542","896-75197","Unknown"
"543","896-75199","Unknown"
"544","896-75200","Unknown"
"545","896-62884","Unknown"
"546","686-13933","Unknown"
"547","986-13988","Unknown"
"548","686-13990","Unknown"
"549","896-75202","Unknown"
"550","896-75203","Unknown"
"551","1016-61312","Unknown"
"552","1016-61313","Unknown"
"553","1016-61314","Unknown"
"554","1016-61317","Unknown"
"555","1016-61320","Unknown"
"556","1016-61322","Unknown"
"557","1016-61323","Unknown"
"558","1016-61326","Unknown"
"559","1016-01336","Unknown"
"560","1016-61339","Unknown"
"561","1016-61347","Unknown"
"562","1016-61348","Unknown"
"563","1016-61351","Unknown"
"564","1016-61352","Unknown"
"565","1016-61356","Unknown"
"566","1016-61365","Unknown"
"567","1016-61370","Unknown"
"568","1016-61375","Unknown"
"569","1016-61376","Unknown"
"570","1016-61380","Unknown"
"571","1016-61382","Unknown"
"572","1016-72006","Unknown"
"573","896-75205","Unknown"
"574","896-75214","Unknown"
"575","896-75222","Unknown"
"576","896-75223","Unknown"
"577","896-75258","Unknown"
"578","896-75276","Unknown"
"579","896-75298","Unknown"
"580","896-75352","Unknown"
"581","896-75369","Unknown"
"582","896-75371","Unknown"
"583","896-75372","Unknown"
"584","896-75374","Unknown"
"585","896-75375","Unknown"
"586","896-75376","Unknown"
"587","896-75377","Unknown"
"588","896-75388","Unknown"
"589","896-75436","Unknown"
"590","896-75439","Unknown"
"591","896-75442","Unknown"
"592","896-75456","Unknown"
"593","896-75461","Unknown"
"594","896-75464","Unknown"
"595","896-75465","Unknown"
"596","896-75468","Unknown"
"597","896-75473","Unknown"
"598","896-75472","Unknown"
"599","1016-61383","Unknown"
"600","1016-61389","Unknown"
"601","1016-61392","Unknown"
"602","1016-61395","Unknown"
"603","1016-72101","Unknown"
"604","1016-72013","Unknown"
"605","1016-72014","Unknown"
"606","1016-72016","Unknown"
"607","1016-72018","Unknown"
"608","1016-72020","Unknown"
"609","1016-72026","Unknown"
"610","1016-72031","Unknown"
"611","1016-91398","Unknown"
"612","985-06606","Unknown"
"613","1056-37108","Unknown"
"614","1056-37113","Unknown"
"615","1056-37116","Unknown"
"616","1056-37124","Unknown"
"617","1056-37126","Unknown"
"618","1056-37138","Unknown"
"619","1056-37161","Unknown"
"620","1056-37159","Unknown"
"621","1056-37157","Unknown"
"622","1056-37165","Unknown"
"623","1056-37171","Unknown"
"624","DONE","Unknown"
"625","1447-40124","Unknown"
"626","1467-52310","Unknown"
"627","1467-52311","Unknown"
"628","1467-52314","Unknown"
"629","1467-52316","Unknown"
"630","1467-52317","Unknown"
"631","1467-52321","Unknown"
"632","1467-52322","Unknown"
"633","1107-16302","Unknown"
"634","1107-16303","Unknown"
"635","1107-16304","Unknown"
"636","1107-16305","Unknown"
"637","1107-16306","Unknown"
"638","1107-16307","Unknown"
"639","1107-16308","Unknown"
"640","1107-16309","Unknown"
"641","1107-16312","Unknown"
"642","1107-16320","Unknown"
"643","1107-16321","Unknown"
"644","1107-16322","Unknown"
"645","1107-16323","Unknown"
"646","1107-16324","Unknown"
"647","1107-16325","Unknown"
"648","1107-16326","Unknown"
"649","1107-16327","Unknown"
"650","1107-16328","Unknown"
"651","1107-16329","Unknown"
"652","1107-16330","Unknown"
"653","1107-16331","Unknown"
"654","1107-16332","Unknown"
"655","1107-16333","Unknown"
"656","1107-16334","Unknown"
"657","1107-16335","Unknown"
"658","1107-16336","Unknown"
"659","1107-16338","Unknown"
"660","1107-16341","Unknown"
"661","1107-16342","Unknown"
"662","1107-16345","Unknown"
"663","1107-16346","Unknown"
"664","1107-16365","Unknown"
"665","1107-16382","Unknown"
"666","1107-16388","Unknown"
"667","1107-16389","Unknown"
"668","1107-16390","Unknown"
"669","1107-16391","Unknown"
"670","1107-16392","Unknown"
"671","1107-16393","Unknown"
"672","1107-16394","Unknown"
"673","1107-16395","Unknown"
"674","1107-16396","Unknown"
"675","1107-16397","Unknown"
"676","1107-16398","Unknown"
"677","1107-16399","Unknown"
"678","1107-16400","Unknown"
"679","1107-16401","Unknown"
"680","1107-16402","Unknown"
"681","1107-16403","Unknown"
"682","1107-16404","Unknown"
"683","1107-16405","Unknown"
"684","1107-16406","Unknown"
"685","1107-16407","Unknown"
"686","1107-16408","Unknown"
"687","1107-16409","Unknown"
"688","1107-16417","Unknown"
"689","1107-16419","Unknown"
"690","1107-16423","Unknown"
"691","1107-16424","Unknown"
"692","1107-16426","Unknown"
"693","1107-16427","Unknown"
"694","1107-16428","Unknown"
"695","1107-16441","Unknown"
"696","1107-16442","Unknown"
"697","1107-16443","Unknown"
"698","1107-16457","Unknown"
"699","1107-16458","Unknown"
"700","1107-16460","Unknown"
"701","1107-16461","Unknown"
"702","1107-16462","Unknown"
"703","1107-16463","Unknown"
"704","1107-16466","Unknown"
"705","1107-16467","Unknown"
"706","1107-16468","Unknown"
"707","1107-16469","Unknown"
"708","1107-16470","Unknown"
"709","1107-16471","Unknown"
"710","1107-16472","Unknown"
"711","1107-16473","Unknown"
"712","1107-16474","Unknown"
"713","1107-16475","Unknown"
"714","1107-16476","Unknown"
"715","1107-16477","Unknown"
"716","1107-16478","Unknown"
"717","1107-16479","Unknown"
"718","1107-16480","Unknown"
"719","1107-16481","Unknown"
"720","1107-16482","Unknown"
"721","1107-16483","Unknown"
"722","1107-16484","Unknown"
"723","1107-16485","Unknown"
"724","1107-16486","Unknown"
"725","1107-16487","Unknown"
"726","1107-16488","Unknown"
"727","1107-16489","Unknown"
"728","1107-16490","Unknown"
"729","1107-16491","Unknown"
"730","1107-16492","Unknown"
"731","1107-16493","Unknown"
"732","1107-16494","Unknown"
"733","1107-16495","Unknown"
"734","1107-16496","Unknown"
"735","1107-16497","Unknown"
"736","1107-16498","Unknown"
"737","1107-16499","Unknown"
"738","1107-16500","Unknown"
"739","1467-52326","Unknown"
"740","1467-52327","Unknown"
"741","1467-52328","Unknown"
"742","1467-52329","Unknown"
"743","1467-52330","Unknown"
"744","1467-52331","Unknown"
"745","1467-52332","Unknown"
"746","1467-52333","Unknown"
"747","1467-52334","Unknown"
"748","1467-52335","Unknown"
"749","1467-52336","Unknown"
"750","1467-52337","Unknown"
"751","1467-52338","Unknown"
"752","1467-52339","Unknown"
"753","1467-52340","Unknown"
"754","1467-52341","Unknown"
"755","1467-52342","Unknown"
"756","1467-52343","Unknown"
"757","1467-52344","Unknown"
"758","1467-52346","Unknown"
"759","1467-52352","Unknown"
"760","1467-52361","Unknown"
"761","2367-85801","Unknown"
"762","2367-85802","Unknown"
"763","2367-85804","Unknown"
"764","2367-85809","Unknown"
"765","2367-85815","Unknown"
"766","2367-85816","Unknown"
"767","2367-85818","Unknown"
"768","2367-85822","Unknown"
"769","2367-85827","Unknown"
"770","2367-85837","Unknown"
"771","1467-52354","Unknown"
"772","1467-52355","Unknown"
"773","1467-52356","Unknown"
"774","1467-52357","Unknown"
"775","1467-52358","Unknown"
"776","1467-52359","Unknown"
"777","1467-52360","Unknown"
"778","1467-52362","Unknown"
"779","1467-52363","Unknown"
"780","1467-52364","Unknown"
"781","2367-85838","Unknown"
"782","2367-85839","Unknown"
"783","2367-85840","Unknown"
"784","2367-85841","Unknown"
"785","2367-85842","Unknown"
"786","2367-85843","Unknown"
"787","2367-85844","Unknown"
"788","2367-85845","Unknown"
"789","2367-85846","Unknown"
"790","2367-85847","Unknown"
"791","2367-85848","Unknown"
"792","2367-85849","Unknown"
"793","2367-85850","Unknown"
"794","2367-85851","Unknown"
"795","2367-85852","Unknown"
"796","2367-85853","Unknown"
"797","2367-85854","Unknown"
"798","2367-85855","Unknown"
"799","2367-85856","Unknown"
"800","2367-85857","Unknown"
"801","2367-85858","Unknown"
"802","2367-85859","Unknown"
"803","2367-85860","Unknown"
"804","2367-85861","Unknown"
"805","2367-85862","Unknown"
"806","2367-85863","Unknown"
"807","2367-85864","Unknown"
"808","2367-85865","Unknown"
"809","2367-85866","Unknown"
"810","2367-85867","Unknown"
"811","2367-85868","Unknown"
"812","2367-85869","Unknown"
"813","2367-85870","Unknown"
"814","2367-85871","Unknown"
"815","2367-85872","Unknown"
"816","2367-85873","Unknown"
"817","2367-85874","Unknown"
"818","2367-85875","Unknown"
"819","2367-85876","Unknown"
"820","2367-85877","Unknown"
"821","2367-85878","Unknown"
"822","2367-85879","Unknown"
"823","2367-85880","Unknown"
"824","2367-85881","Unknown"
"825","2367-85882","Unknown"
"826","2367-85883","Unknown"
"827","2367-85884","Unknown"
"828","2367-85885","Unknown"
"829","2367-85886","Unknown"
"830","2367-85887","Unknown"
"831","2367-85888","Unknown"
"832","2367-85889","Unknown"
"833","2367-85890","Unknown"
"834","2367-85891","Unknown"
"835","2367-85892","Unknown"
"836","2367-85893","Unknown"
"837","2367-85894","Unknown"
"838","2367-85895","Unknown"
"839","2367-85896","Unknown"
"840","2367-85897","Unknown"
"841","2367-85898","Unknown"
"842","2367-85900","Unknown"
"843","1467-52365","Unknown"
"844","1467-52366","Unknown"
"845","1467-52367","Unknown"
"846","1467-52368","Unknown"
"847","1467-52369","Unknown"
"848","1467-52370","Unknown"
"849","1467-52371","Unknown"
"850","1467-52372","Unknown"
"851","1467-52373","Unknown"
"852","1467-52374","Unknown"
"853","1467-52375","Unknown"
"854","1467-52376","Unknown"
"855","1467-52377","Unknown"
"856","1467-52378","Unknown"
"857","1467-52379","Unknown"
"858","1467-52380","Unknown"
"859","1467-52381","Unknown"
"860","1467-52382","Unknown"
"861","1467-52383","Unknown"
"862","1467-52384","Unknown"
"863","1467-52385","Unknown"
"864","1467-52386","Unknown"
"865","2367-85605","Unknown"
"866","2367-85606","Unknown"
"867","2367-85607","Unknown"
"868","2367-85608","Unknown"
"869","2367-85609","Unknown"
"870","2367-85610","Unknown"
"871","2367-85611","Unknown"
"872","2367-85731","Unknown"
"873","2367-85732","Unknown"
"874","2437-54001","Unknown"
"875","2437-54002","Unknown"
"876","2437-54003","Unknown"
"877","2437-54004","Unknown"
"878","2437-54005","Unknown"
"879","2437-54006","Unknown"
"880","2437-54007","Unknown"
"881","2437-54008","Unknown"
"882","2437-54009","Unknown"
"883","2437-54010","Unknown"
"884","2437-54011","Unknown"
"885","2437-54012","Unknown"
"886","2437-54013","Unknown"
"887","2437-54014","Unknown"
"888","2437-54015","Unknown"
"889","2437-54016","Unknown"
"890","2437-54017","Unknown"
"891","2437-54018","Unknown"
"892","2437-54019","Unknown"
"893","2437-54020","Unknown"
"894","2437-54021","Unknown"
"895","1617-93801","Unknown"
"896","1617-93802","Unknown"
"897","1617-93803","Unknown"
"898","1617-93804","Unknown"
"899","1617-93805","Unknown"
"900","1617-93808","Unknown"
"901","2437-54023","Unknown"
"902","1617-93806","Unknown"
"903","1617-93807","Unknown"
"904","1617-93809","Unknown"
"905","1237-28506","Unknown"
"906","1237-28514","Unknown"
"907","1237-28515","Unknown"
"908","1237-28516","Unknown"
"909","1237-28517","Unknown"
"910","1237-28518","Unknown"
"911","1237-28519","Unknown"
"912","1237-28520","Unknown"
"913","1237-28521","Unknown"
"914","1237-28522","Unknown"
"915","1237-28526","Unknown"
"916","1237-28528","Unknown"
"917","1237-28538","Unknown"
"918","1237-28554","Unknown"
"919","1237-28581","Unknown"
"920","1357-20101","Unknown"
"921","1357-20110","Unknown"
"922","1357-20116","Unknown"
"923","1357-20117","Unknown"
"924","1357-20118","Unknown"
"925","1357-20122","Unknown"
"926","1357-20123","Unknown"
"927","1357-20125","Unknown"
"928","1357-20129","Unknown"
"929","1357-20130","Unknown"
"930","1357-20132","Unknown"
"931","1357-20133","Unknown"
"932","1357-20136","Unknown"
"933","1357-20139","Unknown"
"934","1357-20141","Unknown"
"935","1357-20143","Unknown"
"936","1357-20145","Unknown"
"937","1357-20146","Unknown"
"938","1357-20169","Unknown"
"939","1357-20175","Unknown"
"940","1357-20177","Unknown"
"941","1357-20181","Unknown"
"942","1357-20197","Unknown"
"943","1237-46495","Unknown"
"944","1237-46496","Unknown"
"945","1167-44221","Unknown"
"946","1167-44230","Unknown"
"947","1167-44245","Unknown"
"948","1167-44258","Unknown"
"949","1167-44271","Unknown"
"950","1167-44273","Unknown"
"951","1167-44293","Unknown"
"952","1167-44294","Unknown"
"953","1167-44295","Unknown"
"954","1167-44296","Unknown"
"955","1337-44601","Unknown"
"956","1337-44604","Unknown"
"957","1337-44610","Unknown"
"958","1337-44658","Unknown"
"959","1337-44673","Unknown"
"960","1337-44685","Unknown"
"961","1337-44686","Unknown"
"962","1337-44700","Unknown"
"963","1337-44728","Unknown"
"964","1337-44733","Unknown"
"965","1337-44734","Unknown"
"966","1337-44746","Unknown"
"967","1337-44751","Unknown"
"968","1337-44752","Unknown"
"969","1337-44755","Unknown"
"970","1337-44760","Unknown"
"971","1337-44761","Unknown"
"972","1337-44762","Unknown"
"973","1337-44763","Unknown"
"974","1337-44765","Unknown"
"975","1337-44770","Unknown"
"976","1337-44771","Unknown"
"977","1337-44773","Unknown"
"978","1337-44774","Unknown"
"979","1337-44777","Unknown"
"980","1337-44786","Unknown"
"981","1337-44787","Unknown"
"982","1337-44790","Unknown"
"983","1337-44791","Unknown"
"984","1337-44796","Unknown"
"985","1337-44775","Unknown"
"986","1337-44800","Unknown"
"987","1337-44805","Unknown"
"988","1337-44807","Unknown"
"989","1337-44818","Unknown"
"990","1337-44555","Unknown"
"991","1337-44566","Unknown"
"992","1337-44567","Unknown"
"993","1337-44568","Unknown"
"994","1337-44569","Unknown"
"995","1337-44570","Unknown"
"996","1337-44571","Unknown"
"997","1337-44572","Unknown"
"998","1337-44573","Unknown"
"999","1337-44574","Unknown"
"1000","1337-44575","Unknown"
"1001","1337-44580","Unknown"
"1002","1337-44581","Unknown"
"1003","1337-44582","Unknown"
"1004","1337-44584","Unknown"
"1005","1337-44951 +CB","Unknown"
"1006","1337-44953+CB","Unknown"
"1007","1337-44956 +CB","Unknown"
"1008","1337-44957+CB","Unknown"
"1009","1337-44975+CB","Unknown"
"1010","1337-44980 + yellow band ","Unknown"
"1011","1337-44993+yellow CB","Unknown"
"1012","1337-44995+CB","Unknown"
"1013","1337-44996+CB","Unknown"
"1014","1337-44999","Unknown"
"1015","1337-45000+CB","Unknown"
"1016","1447-40101","Unknown"
"1017","1447-40103+CB","Unknown"
"1018","1447-40104+CB","Unknown"
"1019","1447-40107+CB","Unknown"
"1020","1447-40108","Unknown"
"1021","1447-40110","Unknown"
"1022","1447-40129 + red band left","Unknown"
"1023","1447-40131 + red band left","Unknown"
"1024","1447-40145","Unknown"
"1025","1447-40148","Unknown"
"1026","1447-40164+red CB","Unknown"
"1027","1447-40160+red CB","Unknown"
"1028","1447--40183+red CB","Unknown"
"1029","1447--40184+red CB","Unknown"
"1030","1447--40191+red CB","Unknown"
"1031","1447--40192+red CB","Unknown"
"1032","1447-40180","Unknown"
"1033","1447-40201+red band ","Unknown"
"1034","1447-40202","Unknown"
"1035","1447-40203 +red band ","Unknown"
"1036","1447-40204","Unknown"
"1037","1447-40205","Unknown"
"1038","1447-40206 +red band ","Unknown"
"1039","1447-40207 +red band ","Unknown"
"1040","1447-40208 +blue band ","Unknown"
"1041","1447-40209 +red band ","Unknown"
"1042","1447-40212 +blue band ","Unknown"
"1043","1447-40218 +blue band ","Unknown"
"1044","1447-40219","Unknown"
"1045","1447-40241","Unknown"
"1046","1447-40120","Unknown"
"1047","1447-40251","Unknown"
"1048","1447-40211","Unknown"
"1049","1447-40257","Unknown"
"1050","1447-40265","Unknown"
"1051","1447-40278","Unknown"
"1052","1447-40128","Unknown"
"1053","1447-40289","Unknown"
"1054","1447-40295","Unknown"
"1055","1447-40308","Unknown"
"1056","1447-40313","Unknown"
"1057","1447-40174","Unknown"
"1058","1447-40331","Unknown"
"1059","1447-40332","Unknown"
"1060","1447-40373","Unknown"
"1061","1447-40412","Unknown"
"1062","1447-40416","Unknown"
"1063","1447-40417","Unknown"
"1064","1447-40418","Unknown"
"1065","1447-40419","Unknown"
"1066","1447-40420","Unknown"
"1067","1447-40425","Unknown"
"1068","1447-40427","Unknown"
"1069","1447-40361","Unknown"
"1070","1467-52216","Unknown"
"1071","1467-52217","Unknown"
"1072","1467-52219","Unknown"
"1073","1467-52220","Unknown"
"1074","1467-52221","Unknown"
"1075","1467-52222","Unknown"
"1076","1467-52223","Unknown"
"1077","1467-52224","Unknown"
"1078","1467-52225 ","Unknown"
"1079","1467-52226","Unknown"
"1080","1467-52227","Unknown"
"1081","1467-52228","Unknown"
"1082","1467-52229","Unknown"
"1083","1467-52230","Unknown"
"1084","1467-52233","Unknown"
"1085","1467-52237","Unknown"
"1086","1467-52409","Unknown"
"1087","1467-52472","Unknown"
"1088","1467-52446","Unknown"
"1089","1467-52419","Unknown"
"1090","1467-52465","Unknown"
"1091","1467-52243","Unknown"
"1092","1467-52271","Unknown"
"1093","1467-52298","Unknown"
"1094","1467-52473","Unknown"
"1095","1467-52476","Unknown"
"1096","1467-52477","Unknown"
"1097","1467-52474","Unknown"
"1098","1467-52475","Unknown"
"1099","1467-52482","Unknown"
"1100","1467-52480","Unknown"
"1101","1467-52478","Unknown"
"1102","1467-52481","Unknown"
"1103","686-13981","GADW"
"1104","896-75266","GADW"
"1105","896-75274","GAD"
"1106","896-75299","GADW"
"1107","1107-16336","MALL"
"1108","2367-85881","MALL"
"1109","1107-16329","MALL"
"1110","1467-52311","MALL"
"1111","1107-16326","MALL"
"1112",NA,"MALL"
"1113","1107-16341","MALL"
"1114","1107-16330","MALL"
"1115","1447-40124","MALL"
"1116","1107-16332","MALL"
"1117","1107-16334","MALL"
"1118","1107-16325","MALL"
"1119","1107-16333","MALL"
"1120","1467-52317","MALL"
"1121","1107-16402","MALL"
"1122","1107-16404","MALL"
"1123","1107-16397","MALL"
"1124","1107-16388","MALL"
"1125","1107-16396","MALL"
"1126","1107-16395","MALL"
"1127","1107-16401","MALL"
"1128","1107-16394","MALL"
"1129","",""
"1130","Comments:",""
"1131","very long page in front, not sure if it's radiotagging or brood observation data",""
"1132","a lot of pages similar to very long page + maps found",""
"1133","lots of looseleaf papers in pockets in front and in back of binder",""
"1134","majority of pages are follow-ups, repeating data in radiotagging section but different data in brood observation section",""
"1135","1107-16461","MALL"
"1136","896-75286","GADW"
"1137","1467-52361","MALL"
"1138","1107-16327","MALL"
"1139","1107-16481","MALL"
"1140","1107-16389","MALL"
"1141","896-75208","GADW"
"1142","896-75356","GADW"
"1143","686-13937","GADW"
"1144","896-75364","GADW"
"1145","1107-16458","MALL"
"1146","896-75105","GADW"
"1147","896-75359","GADW"
"1148","896-75362","GADW"
"1149","896-75167","GADW"
"1150","896-75361","GADW"
"1151","1107-16484","MALL"
"1152","1467-52336","MALL"
"1153","896-75295","GADW"
"1154","1107-16489","MALL"
"1155","686-13935","GADW"
"1156","896-75363","GADW"
"1157","1107-16408","MALL"
"1158","1107-16338","MALL"
"1159","1467-52337","MALL"
"1160","1467-52339","MALL"
"1161","896-75365","GADW"
"1162","1107-16487","MALL"
"1163","896-75367","GADW"
"1164","1107-16462","MALL"
"1165","896-75360","GADW"
"1166","596-68175","GADW"
"1167","896-75226","GADW"
"1168","686-13916","GADW"
"1169","896-75293","GADWALL"
"1170","896-75303","GADW"
"1171","896-75287","GADW"
"1172","896-75288","GADW"
"1173","896-75294","GADW"
"1174","686-13938","GADW"
"1175","686-13941","GADW"
"1176","686-13946","GADW"
"1177","686-13950","GADW"
"1178",NA,"GADW"
"1179","686-13955","GADW"
"1180","896-75293","GADW"
"1181","896-75381","GADW"
"1182","* STILL NEEDS TO BE ENTERED: Binder has some sheets, in different formatting, that are radio tags (maybe for ducklings)",""
"1183","686-13983","GADW"
"1184","686-13984","GADW"
"1185","686-13992","GADW"
"1186","686-13994","GADW"
"1187","686-13995","GADW"
"1188","896-75267","GADW"
"1189","896-75368","GADW"
"1190","896-75297","GADW"
"1191","1016-61301","GADW"
"1192","1016-61310","GADW"
"1193","1016-61311","GADW"
"1194","1016-61315","GADW"
"1195","1016-61316","GADW"
"1196","1016-61319","GADW"
"1197","1016-61324","GADW"
"1198","1016-72005","GADW"
"1199","1016-72011","GADW"
"1200","686-13986","GADW"
"1201","686-13987","GADW"
"1202","1016-61318","GADW"
"1203","1016-72003","GADW"
"1204","1107-16499","MALL"
"1205","2367-85874","MALL"
"1206","1467-52342","MALL"
"1207","1467-52357","MALL"
"1208","1467-52363","MALL"
"1209","1467-55363","MALL"
"1210","1467-52364","MALL"
"1211","2367-85844","MALL"
"1212","2367-85846","MALL"
"1213","2367-85852","MALL"
"1214","2367-85857","MALL"
"1215","2367-85870","MALL"
"1216","2367-85878","MALL"
"1217","2367-85885","MALL"
"1218","2367-85892","MALL"
"1219","2367-85895","MALL"
"1220","2367-85860","MALL"
"1221","2367-85884","MALL"
"1222","1107-16406","MALL"
"1223","2367-85879","MALL"
"1224","2367-85880","MALL"
"1225","1467-52235","MALL"
"1226","1667-55363","MALL"
"1227","1016-75368","GADW"
"1228","1016-61521","GADW"
"1229","896-75373","GADW"
"1230","686-13952","GADW"
"1231","686-13998","GADW"
"1232","686-13991","GADW"
"1233","1107-16470","MALL"
"1234","1107-16490","MALL"
"1235","1107-16496","MALL"
"1236","1107-16497","MALL"
"1237","1467-52310","MALL"
"1238","1467-52340","MALL"
"1239","1467-52341","MALL"
"1240","1467-52343","MALL"
"1241","2367-45802","MALL"
