"","location"
"1","p67"
"2","p1"
"3",NA
"4","p50"
"5","p1E"
"6","p26"
"7","p20"
"8","p65"
"9","p66"
"10","p125"
"11","p60"
"12","p cd. 3635"
"13","p7"
"14","p45"
"15","n121"
"16","p71"
"17","p97"
"18","p125S"
"19","p5335"
"20","p7152"
"21","p6"
"22","5965N"
"23","p7144"
"24","p8132"
"25","n107"
"26","n27"
"27","p56"
"28","n24"
"29","n76"
"30","n150"
"31","n87"
"32","p125N"
"33","p79E"
"34","p22"
"35","n37"
"36","p79E (bait trap)"
"37","p79"
"38","n98"
"39","p25"
"40","n140"
"41","n75"
"42","p65S"
"43","p1E(s.end)"
"44","p1 "
"45","p1W(s.end)"
"46","p1W"
"47","79E"
"48","n115"
"49","p90B"
"50","n92"
"51","n38"
"52","n39"
"53","New House "
"54","p4857"
"55","n93"
"56","n123"
"57","n81"
"58","n13"
"59",""
"60","RB: red band"
"61","GCB: green CB"
"62","Gband: green band"
"63","p1 W"
"64","near sabine pass texas"
"65","p1250"
"66","p15"
"67","p1 E"
"68","NE of hose"
"69","NW of house"
"70","p1 (disco)"
"71","pd20"
"72","most h 74"
"73","NE of pd 20"
"74","p79 E"
"75","p69"
"76","p65 S"
"77","n73(successful)"
"78","p65 N"
"79","p65 "
"80","n131"
"81","S fence of W block SE 56"
"82","n33"
"83","p90 B"
"84","SW pig farm"
"85","feeding scu of gute east sve of west block at 2015"
"86","n46"
"87","n119"
"88","p1 E (south)"
"89","n114"
"90","pd125 N"
"91","p125 N"
"92","NNW house"
"93","p125 S"
"94","p1 N"
"95","SW W block"
"96","p5056"
"97","n47"
"98","n25"
"99","p6753"
"100","p16 N"
"101","n95"
"102","p4717"
"103","n79"
"104","p61"
"105","n16A"
"106","n117"
"107","n53"
"108","p78 S"
"109","p25 W"
"110","p6953"
"111","n146"
"112","n89"
"113","p80"
"114","p65 W middle"
"115","field north of 27"
"116","p27"
"117","p4857 E"
"118","100 m NE quanset"
"119","p1 W side"
"120","p1 SW"
"121","n286"
"122","p1857"
"123","nest"
"124","p6954"
"125","p79 W"
"126","p4851"
"127","p90 B S"
"128","p35"
"129","n48"
"130","p island"
"131","p1 NE"
"132","p1 NW"
"133","n025"
"134","p140"
"135","n087"
"136","p1 SE"
"137","p1 E side"
"138","p1 SE side"
"139","pd79"
"140","n168"
"141","p5338 S"
"142","n143"
"143","S end of p1 W + on stable NE p5"
"144","NW p29 n190"
"145","p84"
"146","send p1 in stuble between p4&5"
"147","p20 N end"
"148","p19"
"149","p5338"
"150","P65"
"151","NE (NWA) in flooded stubble"
"152","p6753 SE"
"153","p6751 E"
"154","p6751"
"155","p6753 W"
"156","p6751 N"
"157","andre denis pd on island"
"158","n058"
"159","pd W of Bouissiere's with junk in it"
"160","n363"
"161","p67 "
"162","n524 (p14 E)"
"163","n68"
"164","p1 W "
"165","n69"
"166","p1 S"
"167","SW of north Bouissiere's resicende (N of NE side of study area) large wetland"
"168","p90 "
"169","n06"
"170","westside of island"
"171","p78"
"172","p1 N end"
"173","p6753 N"
"174","stubble NE of NWA"
"175","n241"
"176","p 90 A"
"177","p 90 B"
"178","p90"
"179","p79 E end"
"180","unk"
"181","w Boussia's"
"182","p6136"
"183","p86"
"184","p25 N"
"185","nwa on the SE corner"
"186","p 1 N"
"187","p 1 "
"188","n216 (ISL)"
"189","2nd pd WS of Bous"
"190","ukn"
"191","pond NE of Boussiers"
"192","SE corner NWA"
"193","p58"
"194","SE of Boussiers"
"195","P90 B"
"196","P90 A"
"197","2nd pd S of senwa corner"
"198","P90 S"
"199","p130 N"
"200","p79 "
"201","p8132 andre's denis yd pd"
"202","n941"
"203","p1 E of pd 94"
"204","p1 w "
"205","p35 S SWend native"
"206","p?"
"207","p1 S end"
"208","p5634"
"209","p120"
"210","p1 A"
"211","n281"
"212","p113 NE"
"213","S of pd 5338"
"214","First pond S of NWA sign "
"215","4438"
"216","unknown"
"217","Arthur's big pd"
"218","50m NW of pd 38"
"219","pd 1 "
"220","pd 79E"
"221","UNK "
"222","pd 79E "
"223","N of pd 5056"
"224","pd 65"
"225","pd 66"
"226","1 sec S of Bous"
"227","LK Erie, Ohio"
"228","pd 67"
"229","pd 79 E "
"230","50"
"231","pd 50 "
"232","Nest 239 "
"233","4857"
"234","1/2 mile N of 5056 (pd 5258) "
"235","Nest 266"
"236","W of Bousierre "
"237","SW end pd 90 "
"238","pd 90"
"239","Bousierre's pd "
"240","""pd 6136"""
"241","pd W of Bousierre 6163?"
"242","Nest 468"
"243","pd 6136"
"244","pd 90 "
"245","6136"
"246","pd 90B"
"247","pd W of Bousierre's "
"248","pd 90 B "
"249","nest 662 SE of pd 92 "
"250","nest  "
"251","ESE Rene Labreque"
"252","5335"
"253","pd 1W "
"254","pd 6751"
"255","pd 6751 "
"256","6753"
"257","6751"
"258","pd 6753"
"259","7144"
"260","pd 6672"
"261","pd 7040"
"262","pd 6642"
"263","SE corner, kitty corner from skunk pen"
"264","6642"
"265","pd S of skunk pen"
"266","nest 296"
"267","pd 90b"
"268","7040"
"269","1st of pd SW of 7044"
"270","pd 7044"
"271","pd 8132"
"272","6742"
"273","pd 50"
"274","NE of pd 5056"
"275","pd 4857"
"276","pd 5338"
"277","same loc as 3.024, pd SW of Labreques"
"278","large pond along road SW Labreque's"
"279","nest 291"
"280","pd 4336"
"281","NW 4717"
"282","pd 25"
"283","nest 576 N of quanset"
"284","1st pd NE of pd 4717"
"285","N112"
"286","pd 26"
"287","1 pd SE of 4336"
"288","4717"
"289","2 pd S of Renevesreqe"
"290","5338"
"291","nest 432"
"292","pd 79 E"
"293","Nest 432"
"294","nest 231"
"295","1/4 mi W of Labreques"
"296","pd 66 "
"297","SW of Labreques"
"298","nest 506 N of pd 90"
"299","pd - "
"300","pd W of 6136"
"301","W of 6136, E of 5335"
"302","N393"
"303","Nest S pd 50"
"304","SW of National sign (South end)"
"305","Nest 131"
"306","nest 240"
"307","Large wetland SW of Nothern Bouissierre's residence (NE side N pf study area)"
"308","Lg pd SW of North Bouisierre's Res"
"309","Nest 395/96"
"310","1st pd W of 6662"
"311","Nest 285"
"312","Nest 302"
"313","SW of Lebreque's, same pd as 3.024"
"314","S of Arthur's House"
"315","SW of Lebreque's same as 3.024"
"316","Nest 308"
"317","pd west of Lebreques"
"318","Nest 274"
"319","SW of Lebreques, LOC same as freq, 3.024"
"320","Nest"
"321","SW of Lebreques"
"322","Same as freq, 3.024"
"323","Nest 252"
"324","pd 4634"
"325","pd 4332"
"326","1/8 mi N of farmhouse (S of Arthur's)"
"327","Nest 249"
"328","pd 70"
"329","N of Arthur's, SW of old house"
"330","pd SE of Arthur's"
"331","pd SE of Arthur's, E shore"
"332","Nest 354"
"333","1 pd N of 5258"
"334","124"
"335","pd 4156 Skomar's pd"
"336","skomars"
"337","skomar"
"338","N 302"
"339","pd 1 N"
"340","pd 26 "
"341","South of 5164"
"342","Just South of 5164"
"343","Near 5164"
"344","nest 282"
"345","pd 4327"
"346","Nest 449"
"347","pd 27"
"348","pd 5335"
"349","N 261"
"350","27"
"351","nest "
"352","pd 6954"
"353","pd 140"
"354","pd 1255"
"355","pd 76"
"356","?"
"357","pd 79 W"
"358","N 348"
"359","Whitewater Lake, Manitoba"
"360","PD 65"
"361","pd 124"
"362","nest 294"
"363","pd 8143"
"364","N 314"
"365","1st pd; Nest"
"366","E of pd 94"
"367","pd ?"
"368","2 pds N of 7044"
"369","1 pd E of pd 94"
"370","Holly Beach, Louisiana"
"371","? pd 25"
"372","1st pd E of 7966"
"373","pd 66 (s)"
"374","pd 79"
"375","6622"
"376","pd 6622"
"377","N223"
"378","In field N of pd 28, E end of pd 29"
"379","N of pd 3, N229"
"380","Conway, Arkansas"
"381","pd 1 W"
"382","pd"
"383","1/2 mile N of trailer E of road @ 1/2 section line"
"384","Stomar's"
"385","1"
"386","N306"
"387","1st pd NE of 5056"
"388","pd 5258"
"389","pd NE of 4857"
"390","Nest 143"
"391","2nd wetland N of Labreques Farm"
"392","1st large wetland E of pd 7144"
"393","1st wetland N of 7144"
"394","2nd pd N of 7044"
"395","nest 462"
"396","Ponchatoula, Louisianna"
"397","lrge pd West of Skomar's farm"
"398","Lake Darling, Arkansas"
"399","lrge pd SW of 7044"
"400","pd 7144"
"401","N410"
"402","410"
"403","90"
"404","pd 6136; N of 85 pd W 92"
"405","pd 71"
"406","pd 6954 (2 pds N of 7044)"
"407","N of 7044"
"408","pd 8119"
"409","pd 125 N"
"410","pd 125 S"
"411","pd directly E of Boussier's access road"
"412","pd 1 NE"
"413","pd 1 E"
"414","Skomar's pond"
"415","Skomar's Pd, Pd 4156"
"416","6672"
"417","Skomar's"
"418","N 173"
"419","Nest 256"
"420","Nest 424"
"421","nest 571 (N quanset)"
"422","nest 642 N pd 139"
"423","pd 97"
"424","pd 906"
"425","N 432"
"426","Pd 50"
"427","nest 598 N pd 24 S"
"428","Pd 25"
"429","Lge Pd West of Skomar's house"
"430","pd 1 NE End"
"431","pd 1"
"432","Hackberry, Louisianna"
"433","pd 1 fr. South"
"434","Shetwtr. east/46"
"435","pd W of 6631 W of Road"
"436","11"
"437","Skomar"
"438","SW pd 137 N1"
"439","Trimle, Tennesee"
"440","1 pd NW of 7040"
"441","pd 12"
"442","1st pd most SW of Sk Land N of area"
"443","nest 399 E pd 90"
"444","pd 6672 St. Denis, SK"
"445","pd 8107"
"446","nest 649 island"
"447","Pd 1 SW"
"448","pd 1 SW"
"449","N 383"
"450","pd 20 S"
"451","nest 461 S pd 33"
"452","Skomar's pd
pd 4156"
"453","N398"
"454","pd 3535"
"455","N 345"
"456","pd 25 N"
"457","nest 568 w pd 28"
"458","5056"
"459","pd 26 A"
"460","5634"
"461","N231"
"462","Mississippi"
"463","N376"
"464","N 390"
"465","N 344"
"466","6954"
"467","n191 @ pd 90"
"468","on nest"
"469","Helena, Arkansas"
"470","pd 125"
"471","N313"
"472","N381"
"473","N152 @ pd 128"
"474","crop edge W of p 90"
"475","pd S of 6674"
"476","pd 6631"
"477","2nd pd to N of pd 5723"
"478","pd 5723"
"479","Near Jamestown N.D."
"480","1/2 mi N 
1/4 mi W of Arthur's farm"
"481","Pecan Island, LA"
"482","See comments"
"483","comments"
"484","SW pd 7040"
"485","Delacroix, LA"
"486","N 177"
"487","N 158"
"488","W 172"
"489","Kulm, ND"
"490","N 169"
"491","Wallisville, Texas"
"492","N 168"
"493","N 241"
"494","pd 98"
"495","N 217"
"496","1/3 M E of SE corner of NWA"
"497","pd 1 SE"
"498","N202 Isl"
"499","Marksville, LA"
"500","N 311"
"501","4336"
"502","see comments"
"503","N 305"
"504","N 257"
"505","pd 26 N"
"506","pd 20 "
"507","In crop by pd 20"
"508","N 281"
"509","1 pd SE 4336"
"510","pd 0935"
"511","flush from nest # 105 to pd 26"
"512","N 265"
"513","N 251"
"514","N 414"
"515","0d 26"
"516","N 361"
"517","off area pd 6317"
"518","N 312"
"519","Chalmette, LA"
"520","pd N of 5056"
"521","N 385"
"522","N 417"
"523","Skopar's"
"524","Eudora, Arkansas"
"525","N 396"
"526","N 418"
"527","N 191"
"528","pd 1 NW"
"529","pd 5"
"530","1/3 M East of SE corner of NWA"
"531","N 379"
"532","SW Pd 1"
"533","66"
"534","90 b"
"535","N 126 Isl"
"536","Clarksdale MS"
"537","N 422"
"538","SE on crop 50"
"539","N 338"
"540","N 372"
"541","Skomar's pd"
"542","N 217 Isl"
"543","pd 1257"
"544","n 191@ pd 50"
"545","Dumus, Arkansas"
"546","S of NWA approx 2 mi"
"547","S end pd 5723"
"548","1 m N of town of St. Denis"
"549","pd N of 7040"
"550","pd 19"
"551","pd 67 "
"552","N 301"
"553","pd 4328"
"554","pd 4717"
"555","1.5 mi SW of Arthur 1 mi W of Labreques"
"556","N 294"
"557","1 pd NE of 5056"
"558","Buffalo, Texas"
"559","Lrge pd SW of 4727"
"560","Port Clinton, OH"
"561","nS22"
"562","nS21"
"563","n20"
"564","E ISLAND PD1"
"565","NW66"
"566","nS01"
"567","nS16"
"568","E PD 1 "
"569","PD 1"
"570","nS7"
"571","SCAUP 12"
"572","n23"
"573","NEPD1"
"574","Pd 67"
"575","Pd 5338"
"576","Pd 1 "
"577","Pd 1"
"578","Pd 79E"
"579","Pd 15"
"580","Pd S of Pd"
"581","Pd 97"
"582","Pd 125N"
"583","n15"
"584","Pd1E"
"585","Pd5338"
"586","Pd1"
"587","NWPd1"
"588","n17"
"589","nPO1E"
"590","90B"
"591","Pd90B"
"592","Pd1W"
"593","Pd90A"
"594","n28"
"595","PD80"
"596","SWEPd63"
"597","Pd65"
"598","UNK"
"599","Pd70"
"600","Pd20"
"601","Pd67"
"602","Pd71"
"603","pd125N"
"604","n310"
"605","Pd 20"
"606","Pd 26"
"607","n316"
"608","n16"
"609","Pd80"
"610","PdIW"
"611","Pd25"
"612","N end Pd1"
"613","Pd3558"
"614","n245"
"615","Pd79W"
"616","Pd1SE"
"617","Pd4327"
"618","n9"
"619","1 section ""Mille"" N of studied area west side of road"
"620","Pd 7GE"
"621","Pd 1W"
"622","n167"
"623","Pd 6642"
"624","n313"
"625","Pd6642"
"626","Pd6136"
"627","nS-5"
"628","Pd66"
"629","Pd140"
"630","Pd56"
"631","Pd15"
"632","Pd53"
"633","Pd1; n248"
"634","Pd15E"
"635","Pd1w"
"636","island"
"637","n418"
"638","DRIVE TRAP POND 1"
"639","n7"
"640","n5"
"641","Pd1N"
"642","Pd1SW"
"643","Pd W of Boussiere"
"644","Pd11"
"645","Pd1Nend"
"646","SEshore_of_island"
"647","SendPd1"
"648","Pd19E"
"649","Pd79E"
"650","Pd79"
"651","Island;n225"
"652","SEPd1"
"653","Island; n210"
"654","n292"
"655","n331 (Island)"
"656","SWPd1"
"657","Pd1S"
"658","Pd125s"
"659","Pd5"
"660","n326"
"661","Pd4857"
"662","n8"
"663","n21"
"664","Pd1 n11"
"665","n300"
"666","Pd78E"
"667","Pd79B"
"668","n172"
"669","Pd26"
"670","Pd4156 Skomar's"
"671","Pd6944"
"672","n413"
"673","Pd Skomar's"
"674","Pd125"
"675","nS-4"
"676","Pd65S"
"677","Pd6"
"678","S of Pd90B"
"679","S of Pd5338"
"680","S-1"
"681","nS-1"
"682","nS-3, NE Pd90"
"683","nS-3"
"684","Pond S of 90 (90A)"
"685","Pond N of 6642"
"686","Pond 1"
"687","Pond 90B"
"688","Pond 90A"
"689","Pd 90B"
"690","Pond S of 90B"
"691","First Pd NE of BOUSS."
"692","W of BOUSS."
"693","pD3558"
"694","Pd1 SE"
"695","Staples, Texas"
"696","Pd90"
"697","Pd97"
"698","P125N"
"699","P/W"
"700","P/S"
"701","Pd98"
"702","Pd4717"
"703","Pd1SE end"
"704","Pd1SW end"
"705","P1SE"
"706","Pd1NE"
"707","Pd7W"
"708","n371"
"709","n71"
"710","1W"
"711","1E"
"712","N2001"
"713","n201"
"714","Pd6751"
"715","Pd1255"
"716","Pd125N"
"717","Pd09"
"718","Pd7040"
"719","n260"
"720","n283"
"721","n220"
"722","n370"
"723","Pd1NW"
"724","n125 island"
"725","125N"
"726","n411"
"727","Pd7079"
"728","Pd84, n239"
"729","n437"
"730","377i"
"731","n192"
"732","island n211"
"733","PdW1"
"734","N367"
"735","N365"
"736","N388I"
"737","N438"
"738","Pd6317"
"739","N5-6"
"740","Pd5056"
"741","Pd4437"
"742","Pd20W"
"743","N192"
"744","N25"
"745","N305; Pd905"
"746","Lvg Pd SSW 8m. Denis"
"747","N314"
"748","Pd W of Boussiers"
"749","Pd5358"
"750","Pd906"
"751","Pd6136 Bouisier's Pd"
"752","Salvador Ref Louisiana"
"753","Pd35"
"754","Pd6954"
"755","E of 94"
"756","Arkansas "
"757","N274"
"758","71"
"759","65"
"760","Skomar's Pd"
"761","N341"
"762","2 pds N of 2943; 1/2 mi N, 1/4 mi 4 of Arthur's House"
"763","Pd50"
"764","Pd6951"
"765","N407"
"766","125"
"767","Pd125c"
"768","Pd125S"
"769","Minnesota"
"770","IE"
"771","Logansport, LA"
"772","UNKNOWN"
"773","1N"
"774","1NW"
"775","N215"
"776","Pd1125"
"777","N238"
"778","N230"
"779","N187"
"780","N175"
"781","N232"
"782","N119"
"783","n015"
"784","1/4 mi S of Nwa"
"785","SE Pd1"
"786","E of Pd1, W of Pd140"
"787","??"
"788","West of Pd40"
"789","1/2 mi. SE of Main Road"
"790","Awol SL"
"791","S of 5338 SL"
"792","S of 5338 SL ON E side of Pd SL"
"793","Awol"
"794","NE of Labreques (S of 5338) SL"
"795","S of 5335 JF, MD"
"796","Near 2940 freq SL"
"797","Same pond as 2940 SL"
"798","NE of Lebreques  Acting Broody SL"
"799","n460"
"800","N/A"
"801","P2943"
"802","P4857"
"803","N078"
"804","N9"
"805","P1"
"806","P90"
"807","Pd140 - orange? green?"
"808","Pd140 "
"809","AWAL"
"810","N of Yard? Negative Pd1"
"811","Pd1 NE"
"812","SE end Pd1"
"813","Island"
"814","N of NWA"
"815","Island Pd1"
"816","CE of Island"
"817","S end Island near fence"
"818","Pd1 on Island"
"819","S end Island"
"820","NE end Pd1"
"821","Pd N of quanset"
"822","Pd N of fence N of 1st insect trap"
"823","Pd N of quanset along road"
"824","NW side Pd1"
"825","Pd N of Quanset"
"826","Pd1 Island"
"827","NW share of island"
"828","NW end Pd1"
"829","Possibly on island"
"830","NW end island"
"831","on NW corner of island"
"832","NW corner of island"
"833","Pd90 N end at bait traps"
"834","NW share of island Pd1"
"835","NW end Island "
"836","Nest area pond #1"
"837","On nest Pd1 Island"
"838","On NW side Island nest?"
"839","Found Dead near nest eggs untouched ""Dead"""
"840","Pd94"
"841","N48"
"842","nest area Pd48"
"843","Pd90 NW"
"844","E of Pd90, S of 6751, E of 92"
"845","Pd90 (Swend)"
"846","Pd90 SR only saw colours/not...?"
"847","Pd90 NW side"
"848","Pd90 - South Central Broods Obs"
"849","NW tip Pd90"
"850","Pd90 (NW side)"
"851","W end of Pd90"
"852","Pd905"
"853","Pd90 NW end"
"854","Pd90 area"
"855","Lg od? S of area along field??"
"856","SE of Pd5338"
"857","Could it final?"
"858","P133"
"859","P137"
"860","N137"
"861","N11"
"862","E. side Island"
"863","N09"
"864","n09"
"865","1530"
"866","n12"
"867","n72"
"868","Pd1 N side of island"
"869","W island"
"870","South of Pd 5338"
"871","Pd1 W Side"
"872","Island Nest II 26"
"873","Pd 86"
"874","East side Pd1"
"875","Pd7144"
"876","Pd01"
"877","N018 (w pd1)"
"878","N3"
"879","N end Island"
"880","SW end Pd1"
"881","S end Pd66"
"882","Island N II 20"
"883","East Pd1"
"884","Pd1 w"
"885","Pd1 N tip ISL"
"886","Pd1 N west"
"887","N share Isl"
"888","CW side Pd1"
"889","Pd1 N end"
"890","N end in Pd1 uplands"
"891","Pd96"
"892","Pd125 N"
"893","Pd125 S"
"894","SE Pd125 S"
"895","Pd125 S OR N"
"896","Brood Pd125 - no sight"
"897","Pd125 N or S"
"898","S end Pd125"
"899","Pd125 N (0733-0909)"
"900","E side Pd125 N"
"901","Pd124 (visual)"
"902","Pd124"
"903","NE end of Pd97"
"904","E side Pd97"
"905","AWOL"
"906","N17"
"907","W of  Pd25"
"908","Pd25 vicinity"
"909","E of pd35 22m. E of nest II 17"
"910","E of pd35"
"911","on nest E of pd35"
"912","N of pd35"
"913","NE of pd35"
"914","ON NEST"
"915","NEST AREA"
"916","pd35 alone"
"917","pd26"
"918","NE of pd35 (ON NEST)"
"919","on SE end Pd26"
"920","Midway between PD67+66"
"921","SE Pd67"
"922","SW Pd67"
"923","S end Pd67 (possiby in uplands)"
"924","S end Pd67"
"925","N end Pd67"
"926","Pd67 CW side"
"927","Pd67 SW end"
"928","Pd67 N end"
"929","Pd67 NE side"
"930","Pd67 N"
"931","Pd67 CENTER"
"932","N62"
"933","Pd1 N site"
"934","S end island"
"935","S end Pd1"
"936","SE side Pd1"
"937","SW end of Pd1"
"938","Pd1 S end"
"939","Pd1 "
"940","N est 125"
"941","N146 island"
"942","Pd 90"
"943","N 195 ISL"
"944","on island"
"945","SW end Island "
"946","SE Island"
"947","no sighting"
"948","NE end Pd1 no sighting"
"949","Just off the SE end of Island"
"950","S end of Pd1"
"951","Pd1 SW end"
"952","Pd1 W end and SE side"
"953","Pd1 NE side"
"954","Pd6? no sight"
"955","Pd1 central east side "
"956","E side Pd1"
"957","SW side Pd1"
"958","SW island"
"959","Couldn't find"
"960","N24 ISL"
"961","ISLA #25"
"962","Island Nest 27"
"963","1/2 Mi SE Of Bouissiarie's"
"964","ISLAND Nest #36"
"965","Pd 6631"
"966","Pd105 watched from 1445-1615"
"967","Pd84 no sighting"
"968","field feeding 2 male following her"
"969","N. labe* of Pd N of 6642"
"970","No sighting Pd N of 6642"
"971","2 Pd N of Pd 6642"
"972","SE of area"
"973","W side of road in 2nd pd S house S of skunk pens"
"974","E side of road in 2nd pd S house S of skunk pens"
"975","S of Bouissier's Farm W side road"
"976","E side road Bouissieres SE"
"977","Weak signal SE of SE corner of study area"
"978","S of Bouissier's on E side road"
"979","E of Bouissier's on E side road (not sure where)"
"980","N330"
"981","Skomars Pond"
"982","feild by 5056"
"983","W Pd28"
"984","E Pd26"
"985","Skomars Pd"
"986","10 m. E swallow box 110 SW Pd 20 W"
"987","S of Pd26 near road"
"988","Pd N of NWA N of saptives "
"989","Pd N of duck pen"
"990","Brood ob nothing seen"
"991","NW finger* visual of pd N of duck pen"
"992","SW corner of pd N of duck pen"
"993","Central Pd N of duck pen"
"994","No sighting"
"995","NW duck pen"
"996","SW corner of large Pd N of captives "
"997","S end corner of large Pd N of captives "
"998","S end caught two of her duckling"
"999","Pd N of captive"
"1000","Pd99"
"1001","N of Pd128"
"1002","Visual on nest"
"1003","S of house S of SE corner of NWA"
"1004","W of house S of SE corner of NWA (in pond)"
"1005","W of house S of SE corner of NWA (visual from distance)"
"1006","Same area or maybe S farther"
"1007","W of house S of Skunk pen"
"1008","w OF Bouissiere's"
"1009","Pd S of 90b"
"1010","S of 5338 "
"1011","W of 5338"
"1012","SE of Boussiere's"
"1013","Straight N of Bossieres"
"1014","SW of boussieres"
"1015","Field N of boussieres "
"1016","N of boussieres"
"1017","Unknown"
"1018","Pd N of Boussieres"
"1019","NE side Pd20"
"1020","Pd 70 or 71"
"1021","Pd 75"
"1022","Pd 70 duckling 1b"
"1023","W end Pd79"
"1024","Pd76"
"1025","Pd76 no sighting"
"1026","W side of 76"
"1027","S side Pd 76"
"1028","SE side Pd 66"
"1029","N side Pd 76"
"1030","Pd76?"
"1031","Pd 71"
"1032","S Pd 71"
"1033","not sure if theeir hers she flushed earlier"
"1034","Morning barely heard E of Pd66 afternoon AWOL"
"1035","Schomars Pd N of duckpen"
"1036","NE N241"
"1037","SW of Skomars Pd"
"1038","SE of Pd5056"
"1039","N011"
"1040","S of Pd 17 N#011"
"1041","NW of Pd20W "
"1042","North of La Breques"
"1043","Northeast of La Braques"
"1044","Northeast of La Braques, lentil field in wetland on muskrat house"
"1045","N"
"1046","Centre of 1/4 sec south of Bousierre's Farms "
"1047","Centre of 1/4 sec south of Bousierre's Farms, 1/2 mile futher South of Bousierre's Farm"
"1048","1/2 miles West on North border study area "
"1049","Southeast of Pd92"
"1050","Southeast of Pd93"
"1051","90 meters of road; 150 meters East of skunkper"
"1052","1/2 miles East of skunkper"
"1053","Nest Southeast Arthur's"
"1054","South of 5338"
"1055","South Pd South of 5338"
"1056","South of Pd 5338 Norhwest Siae"
"1057","South of 5338 Northwest Tip"
"1058","Southeast of Arthur's house"
"1059","Pd South of 5538"
"1060","Southwest end South of 5338"
"1061","Northwest end South of 5338"
"1062","Southwest end of 5338"
"1063","Southeast of South of 5338"
"1064","Pd West of Bousierres"
"1065","3 to 4 miles southeast of awa on huge wetland (See map in the clipboard)"
"1066","On nest"
"1067","Pd 4439"
"1068","South Pd 4439 central South pond"
"1069","South of 4439 East side "
"1070","Pd 6753"
"1071","Pd6753"
"1072","East Pd 133 Nest #239"
"1073","Nest1168"
"1074","South of Pd 5338 First Pd South of power lines in crop"
"1075","North 072"
"1076","Pd 1 North"
"1077","Pd 94"
"1078","350 East Pd 5056"
"1079","Pd 65"
"1080","Nest 038"
"1081","Pd 4156 Skomar's "
"1082","Pd 35"
"1083","Nest 021"
"1084","Nest 54"
"1085","Pd Southwest Labreque's"
"1086","Nest 251"
"1087","East of 5056"
"1088","Nest022 (island)"
"1089","Nest 343 (island)"
"1090","Pd 7040"
"1091","Pd 108"
"1092","140"
"1093","Northeast of 5056"
"1094","1.25NNE of study area"
"1095","Nest 319"
"1096","East of North side study area"
"1097","Northweast Pd1"
"1098","#208 island"
"1099","Pd245"
"1100","Nest 361"
"1101","nested SE of Boussiere's"
"1102","2 mi SW study area"
"1103","nested NE pd 50"
"1104","1 mi SSE of study area"
"1105","SW of pd 25 S"
"1106","1 1/4 mi SSE study area"
"1107","nested 25 m NE TRES box #91 "
"1108","nested between pd 1 and W blind"
"1109","SW pd 1"
"1110","SW arthur Denis"
"1111","nested N of pd 94"
"1112","pd 94"
"1113","350m E pd 5056"
"1114","nest 676 E pd 67"
"1115","nested 1/4 mile ESE of Boussiere's "
"1116","pd SSW 1/2 mi SWL of Boussiere's"
"1117","nested at pd 112"
"1118","1/4 mi NE of study area"
"1119","N End pd 1 Near Trail"
"1120","25"
"1121","NW side of pd 90 in bushes"
"1122","nested at SE edge of W bluff"
"1123","NE pd 1"
"1124","island nest #020"
"1125","first pd SW of Boussiere's driveway"
"1126","nest 558 island"
"1127","lge wetlland 2.5 mi NWof NWA"
"1128","pd 6317"
"1129","Near pd 131 (Nest 275)"
"1130","Isl Nest #19"
"1131","N 130 ISL"
"1132","N 219"
"1133","Shirley, Arkansas"
"1134","barn at nest #85 (island)"
"1135","pd # 1"
"1136","nest #034"
"1137","pd 128"
"1138","hatched at nest #85 (island)"
"1139","pd #1"
"1140","pd 5056"
"1141","on nest island (Nest 209)"
"1142","nested NW pd 50"
"1143","barn at nest #19 (island)"
"1144","Sping Bay, Illinois"
"1145","#79 E"
"1146","nest 227 W pd 97"
"1147","pd 90A"
"1148","Reel Feet Lake, Tennesee"
"1149","pd 118"
"1150","20"
"1151","nest #151 W pd 20 W"
"1152","pd 9338"
"1153","pd E of 90B"
"1154","pd 90 A"
"1155","N 232 ISL"
"1156","1 mi E of NE side NWA"
"1157","N 125 
13 L"
"1158","N 207"
"1159","N 163 ISL"
"1160","1st pd SE of pd 5338"
"1161","nest 015"
"1162","pd 15"
"1163","Nest 016 near quanset"
"1164","Pond 65"
"1165","Nest 405"
"1166","nest 901"
"1167","nest 014"
"1168","N 308"
"1169","N 127 ISL"
"1170","Pd 1 W"
"1171","on shore of Bay of Island"
"1172","N 059"
"1173","N 145 ISL"
"1174","NW pd 1"
"1175","SW island shore"
"1176","NW pd 109"
"1177","(7144) pd 7040"
"1178","Bayou Meto, Arkansas"
"1179","N 149 ISL"
"1180","Atchafalya Delta, NWR Louisiana "
"1181","Delta Wings Hunt Club, Arkansas"
"1182","1/4 mi S of pd 7040"
"1183","N140 ISL"
"1184","N202"
"1185","Kinistino, Sask"
"1186","S of skunk pen"
"1187","2 pd NNE of 6631"
"1188","N139 ISL"
"1189","N66"
"1190","N101 ISL"
"1191","1st PD E of Farm that is 1m N of Labreques"
"1192","bluff S of pd 50"
"1193","Lafitte, Louissianna"
"1194","greater or equal to 3 mi NE of pd 7040 "
"1195","1 pd NE of 4857 on opposite side of road"
"1196","Nest #043"
"1197","big pd SW of Andre Denis"
"1198","pd 61"
"1199","Near pd 2938"
"1200","S of pd 799 nest 403"
"1201","Nest 081"
"1202","Nest #014 '98"
"1203","S pd 5338"
"1204","pd 20"
"1205","nest 012"
"1206","Lacygne, Kansas"
"1207","S of pd 5338 1st pd S of powerlines in crop"
"1208","E of 1255 N 104"
"1209","SW TRES Nest # 021"
"1210","pd 97/98"
"1211","1 pd E of 94"
"1212","Nest 040"
"1213","Nest 088"
"1214","1 pd SW 6631"
"1215","N 135 ISL"
"1216","Nest 135"
"1217","N106"
"1218","S of quanset sheetwater"
"1219","pd 125N"
"1220","nest 367, pd 139"
"1221","SW of pd 6631 E side of road"
"1222","pd S of 6672"
"1223","Nest 023"
"1224","pd 9350"
"1225","pd 8367"
"1226","NE of pd 67"
"1227","2-3 ponds N of 5327"
"1228","Nest 376"
"1229","Blytheville, Arkansas"
"1230","SW pd 9350"
"1231","pd 7966"
"1232","nest 173"
"1233","pd 26A"
"1234","pd 26N"
"1235","N107"
"1236","Licoln County, Arkansas"
"1237","280 nest"
"1238","nest 619"
"1239","pd 1 e"
"1240","Nest #013 flushed pd 1 E"
"1241","Nest #013  "
"1242","1 pd S o 6136"
"1243","big pd 8132 NE of Andre Denis"
"1244","nest 339"
"1245","pd 8132 NE Andre Denis farm"
"1246","2nd pd E of 8132"
"1247","pd 5618"
"1248","1 m N of main road 
1 m N of NWA (1st pd SE of farm)*"
"1249","1 m N of main road 
1 m N of NWA (1st pd SE of farm)"
"1250","nest # 412 N of pd 5056"
"1251","Nest 215 ISL"
"1252","Schell City, Missouri"
"1253","NE 3 mi ST. DENIS NWA"
"1254","pd N of 4717"
"1255","Smackover, Arkansas"
"1256","pd 7662?"
"1257","N153"
"1258","Raceland, LA"
"1259","1 pd S of 4336"
"1260","Nest #008"
"1261","Nest 473"
"1262","2 pds E 
1 pd S of 2561"
"1263","N 087 E of pd 14"
"1264","N of pd 14"
"1265","N pd 1"
"1266","142 ISL"
"1267","N236"
"1268","N 059 NE of pd 3"
"1269","W of 5338 in field"
"1270","p 66"
"1271","N 085 SE of pd 14"
"1272","N 041 N of pd 140"
"1273","125 S"
"1274","SW end pd 9350"
"1275","Nest 065"
"1276","Nest 663"
"1277","2 pds SE of Andre Denis yard"
"1278","141 ISL"
"1279","185 ISL"
"1280","N144 ISL"
"1281","1 E"
"1282","Flush from nest 6136 (N166)"
"1283","N 057 E of pd 14"
"1284","144 ISL"
"1285","S of 5056 in crop"
"1286","NE pd 29 in field"
"1287","150 ISL"
"1288","N 201"
"1289","N105 ISL"
"1290","134 ISL"
"1291","SE pd 1"
"1292","N 26 I"
"1293","N 017 N of quanset "
"1294","field N of 5056"
"1295","S of pd 5056"
"1296","N129 ISL"
"1297","pond S of 6672"
"1298","pd 1 SSE"
"1299","N218 ISL"
"1300","N130 ISL"
"1301","125 N"
"1302","148 ISL"
"1303","Nest 513 ISL"
"1304","1 pd S of 3670 1 mi NW of Skomar's pd"
"1305","1 pd SW of 5662"
"1306","N 073 N of pd 1"
"1307","N126 ISL"
"1308","N 214"
"1309","N029"
"1310","1 L"
"1311","143 ISL"
"1312","N200"
"1313","1 W"
"1314","N # 029 S of captives"
"1315","Sabine Ref, LA"
"1316","N 123 ISL"
"1317","N 124 ISL"
"1318","S end pd 1"
"1319","N 52 ISL"
"1320","N 122 E of 67"
"1321","1st pd S of 5723"
"1322","133 ISL"
"1323","N 119"
"1324","N 045 ISL"
"1325","SW 90"
"1326","Nest "
"1327","Nest # 018"
"1328","N70"
"1329","N 136 ISL"
"1330","pd 90 B"
"1331","1 N"
"1332","1 pd S of 6113"
"1333","1/2 mi further South of 1 pd S of 6113"
"1334","Skomar's pd, pd 4156"
"1335","SW pd 5662"
"1336","pd 8443"
"1337","In field E of pond 90"
"1338","N018 ISL"
"1339","1 pd SW of 3670"
"1340","Skomar's  "
"1341","N196"
"1342","9338"
"1343","N047 ISL"
"1344","530 nest"
"1345","1 mi N of town of St Denis"
"1346","N174"
"1347","pd 37"
"1348","pd 6"
"1349","N301"
"1350","Houma, Louisianna"
"1351","pd South 6751"
"1352","N082"
"1353","5 pds N of pd 2943"
"1354","N69"
"1355","N039"
"1356","N210 ISL"
"1357","N 086"
"1358","4156 Skomar's"
"1359","Skomar's N295"
"1360","Skomar's 4851"
"1361","N083"
"1362","Nest 024"
"1363","N101"
"1364","pd 20 W"
"1365","N 61"
"1366","N129"
"1367","N181"
"1368","N edge of pd 66"
"1369","ESE Rene Lebreque"
"1370","N 056"
"1371","N 199"
"1372","N142 ISL"
"1373","Madisonville, Kentucky"
"1374","N150"
"1375","1st pd SE of Bousierres driveway"
"1376","N13"
"1377","N203"
"1378","N027"
"1379","N211"
"1380","N193"
"1381","N354"
"1382","Skomar's (4851)"
"1383","N209"
"1384","N254"
"1385","1st pd SW of Boursierre's driveway"
"1386","N126"
"1387","N276"
"1388","1 SE"
"1389","N19 ISL"
"1390","N 230 ISL"
"1391","125S"
"1392","N213"
"1393","N375"
"1394","1st pd E side of road 1 mi N of NWA sign main road"
"1395","N282"
"1396","4136"
"1397","N235"
"1398","pd 10"
"1399","N347 pd 2"
"1400","N 041 flushed to pd 1 "
"1401","Nest 019"
"1402","N 046"
"1403","N024"
"1404","(ISL) N218"
"1405","in field b/w pd 26 and 67"
"1406","in crop west of pd 67"
"1407","20 W"
"1408","in crop S 110/111"
"1409","N100"
"1410","SE of pd 109"
"1411","pd 80"
"1412","N172"
"1413","N058"
"1414","N212"
"1415","N169"
"1416","N221"
"1417","N018"
"1418","N233"
"1419","N204"
"1420","N267 ISL"
"1421","N291"
"1422","N307"
"1423","1 South"
"1424","N214 ISL"
"1425","1 E "
"1426","N022"
"1427","N 052"
"1428","N079"
"1429","N081"
"1430","N222"
"1431","N111"
"1432","stubble field #50, #60"
"1433","n11"
"1434","p26A"
"1435","R.O.W near #67"
"1436","n1 "
"1437","N.E of pond #26 retrapped in nest trap"
"1438","#1"
"1439","#27"
"1440","stubble field S of house"
"1441","p24,p27"
"1442","p26 N"
"1443","n36"
"1444","see comments "
"1445","p65 S "
"1446","p49,p62"
"1447","near p124"
"1448","NE of #29"
"1449","p125 S "
"1450","p130"
"1451","p62"
"1452","SE lobe of #66"
"1453","p1,p125"
"1454","old foundation near house"
"1455","n17 (hatched)"
"1456","flushed from nature prairie N of #65 and flew into #65"
"1457","#50"
"1458","3rd pond S of xroads"
"1459","pond S of xroads"
"1460","p2"
"1461","#2"
"1462","p66 0900"
"1463","n8 (8 eggs)(nest trapped)"
"1464","p46"
"1465","n148"
"1466","#125"
"1467","N end of pond #25"
"1468","Nest #54 S of 40"
"1469","p26 or 25"
"1470","NW of house from slough just off area "
"1471","signal picked up from house- coming from 66,67 or 65"
"1472","slough off SE corner of area "
"1473","slough off NE corner of area "
"1474","slough 1km E of SE corner of area "
"1475","same as above"
"1476","pond #8143"
"1477","slough across road (South) of 90 S"
"1478","#79"
"1479","n21 NW hayfield"
"1480","slough partially in NW corner of area"
"1481","n50 (3 eggs) 15 m NW of pond 39"
"1482","n50 (10 eggs)"
"1483","hayfield W of 79"
"1484","large slough 1km S, .75 km W of main grid road undersection at South end of area "
"1485","n25 N of #1"
"1486","p124"
"1487","signal from slough off area - E of 94"
"1488","S end of #125"
"1489","island on pd. #1"
"1490","N end of pd #1"
"1491","flew from #1 to #125"
"1492","6847"
"1493","signal coming from E of house "
"1494","4th slough 1/2 mi N of area, E side of grid road\"
"1495","off area- same general area as above"
"1496","signal coming from East of house "
"1497","N of house, along grid road"
"1498","same as 26 June 0740 observation"
"1499","slough 1/2 mi N of area on E side "
"1500","slough 1km N of area E side of grid road"
"1501","N of house, off area"
"1502","1km N of house along grid road"
"1503","slough 1km N of house "
"1504","1 1/4 mi NW of house"
"1505","on slough off NW corner of area "
"1506","on slough 1 mi N and 1 mi W of area"
"1507","2 mi WNW of house"
"1508","1 1/2 mi NW of house"
"1509","P50"
"1510","P125"
"1511","p125 - flew to p1"
"1512","midpoint of North fence, East block"
"1513","pond #3670"
"1514","pond #4857"
"1515","S of 79 (across road)"
"1516","on road South of NWA to (main grid) St Denis +/- 200m"
"1517","n52"
"1518","n4"
"1519","Temp pond =50 m E of main grid about 200 m S of SW corner of East block"
"1520","p15 dugout (not far from 85 nest site)"
"1521","n86"
"1522","pond 4857"
"1523","p70"
"1524","pond #5335"
"1525","p94"
"1526","pond 1 E"
"1527","15:45 p67"
"1528","18:00 p67"
"1529","South of 60 at gate to West block (pond at gate)"
"1530","n67"
"1531","Nest #101 (abandoned)"
"1532","n66"
"1533","n124"
"1534","n49"
"1535","n158"
"1536","125n"
"1537","field west of 125n"
"1538","pond 125n"
"1539","pond "
"1540","pond 1 W"
"1541","pd 125n"
"1542","pond 1"
"1543","pd 1 (S end)"
"1544","n85"
"1545","n72 (successful)"
"1546","n112"
"1547","pd. 6753"
"1548","p67 (NE)"
"1549","pond 79 SW"
"1550","p 125 S"
"1551","pd 65 S"
"1552","pond 1 (SW)"
"1553","pond 25 N"
"1554","on nest "
"1555","pd67"
"1556","pd50"
"1557","WEST 8 (hatch)"
"1558","pd19"
"1559","E of pd 66"
"1560","pd79E"
"1561","NE pd66/pd67"
"1562","pd 4439"
"1563","pd25"
"1564","pd65"
"1565","E of pd50 (in stubble)"
"1566","on nest 071 (destroyed)"
"1567","295"
"1568","pond 79E-S"
"1569","S of 79 E"
"1570","pd-79E"
"1571","pd113"
"1572","n26"
"1573","n50"
"1574","n50 S of pd 20"
"1575","n26 (9 egg clutch)"
"1576","n50 (started with 8 egg clutch)"
"1577","field S of driveway"
"1578","n99"
"1579","nest 070"
"1580","pd 35"
"1581","nest 006"
"1582","pd66"
"1583","nest #100"
"1584","pd1"
"1585","in stubble S of pd24"
"1586","nest 045"
"1587","decoy trap (pd27)"
"1588","n44"
"1589","nest 021"
"1590","pd 1 (E)"
"1591","pd 1 (E side)"
"1592","n55 (H)"
"1593","pd1 nest 008"
"1594","nest 008"
"1595","nest 21 (ISL)"
"1596","pd1 E"
"1597","Nest #19, Island pd 1, middle of W bluff"
"1598","pd 1 (decoy trap)"
"1599","Nest 009"
"1600","nest 009"
"1601","nest 009 "
"1602","Nest 8"
"1603","nest #1"
"1604","nest 16 "
"1605","nest #4"
"1606","Trenton, Kentucky"
"1607","pd 1 E "
"1608","nest #6 "
"1609","on nest (NW of quanset) *see attached brood OBS. form"
"1610","pd 65 s"
"1611","Leshara, Nebraska"
"1612","nest 184"
"1613","on nest 75"
"1614","N of pd 25"
"1615","pd 113"
"1616","nest 21 (island)"
"1617","pd 17"
"1618","nest 76"
"1619","nest 132"
"1620","nest 007"
"1621","nest 2  (island)"
"1622","nest 7"
"1623","pd 18"
"1624","nest 203"
"1625","pd 20 (19:07 hrs)"
"1626","SE pd 20 on road"
"1627","NATAL Nest #6 "
"1628","pd 1 - PEN"
"1629","pd 87"
"1630","nest 22 island"
"1631","nest 010"
"1632","nest 010 "
"1633","pd 1 S"
"1634","nest 001"
"1635","pd 4"
"1636","nest 79"
