orig_location,location_found,new_location_name,gen_location
island on pd. #1,TRUE,pond 1,inside park
p125,TRUE,pond 125,within park
p25,TRUE,pond 25,within park
p1,TRUE,pond 1,within park
p19,TRUE,pond 19,within park
p20,TRUE,pond 20,within park
p26A,TRUE,pond 26,within park
p50,TRUE,pond 50,within park
p90,TRUE,pond 90,within park
p27,TRUE,pond 27,within park
p67,TRUE,pond 67,within park
"p24,p27",TRUE,pond 27,within park
p26,TRUE,pond 26,within park
p26 N,TRUE,pond 26,within park
p65 S,TRUE,pond 65,within park
p65 ,TRUE,pond 65,within park
p65,TRUE,pond 65,within park
p65 S ,TRUE,pond 65,within park
"p49,p62",TRUE,pond 62,within park
near p124,TRUE,pond 124,within park
p125 S,TRUE,pond 125,within park
p125 S ,TRUE,pond 125,within park
p130,TRUE,pond 130,within park
p97,TRUE,pond 97,within park
p62,TRUE,pond 62,within park
"p1,p125",TRUE,pond 125,within park
p2,TRUE,pond 2,within park
p66 0900,TRUE,pond 66,within park
p46,TRUE,pond 46,within park
p66,TRUE,pond 66,within park
p79 W,TRUE,pond 79,within park
N end of pond #25,TRUE,pond 25,within park
pond #8143,TRUE,pond 81,within park
p86,TRUE,pond 8,within park
p79 E,TRUE,pond 79,within park
n50 (3 eggs) 15 m NW of pond 39,TRUE,pond 39,within park
p124,TRUE,pond 124,within park
N end of pd #1,TRUE,pond 1,within park
P50,TRUE,pond 50,within park
P125,TRUE,pond 125,within park
p125 - flew to p1,TRUE,pond 125,within park
p6751,TRUE,pond 67,within park
p15 dugout (not far from 85 nest site),TRUE,pond 15,within park
p120,TRUE,pond 120,within park
pond 4857,TRUE,pond 48,within park
p6,TRUE,pond 6,within park
p70,TRUE,pond 70,within park
p71,TRUE,pond 71,within park
pond #5335,TRUE,pond 5,within park
p94,TRUE,pond 94,within park
pond 1 E,TRUE,pond 1,within park
15:45 p67,TRUE,pond 67,within park
18:00 p67,TRUE,pond 67,within park
p84,TRUE,pond 84,within park
pd 1255,TRUE,pond 125,within park
pond 125n,TRUE,pond 125,within park
pond 1 W,TRUE,pond 1,within park
pd 125n,TRUE,pond 125,within park
p125N,TRUE,pond 125,within park
pond 1,TRUE,pond 1,within park
pd 1 (S end),TRUE,pond 1,within park
pd 1,TRUE,pond 1,within park
p67 (NE),TRUE,pond 67,within park
pd 125 N,TRUE,pond 125,within park
pond 79 SW,TRUE,pond 79,within park
p 125 S,TRUE,pond 125,within park
pd 98,TRUE,pond 98,within park
pd 65 S,TRUE,pond 65,within park
pond 1 (SW),TRUE,pond 1,within park
pond 25 N,TRUE,pond 25,within park
pd 79E,TRUE,pond 79,within park
pd 67,TRUE,pond 67,within park
pd67,TRUE,pond 67,within park
pd50,TRUE,pond 50,within park
pd20,TRUE,pond 20,within park
pd19,TRUE,pond 19,within park
E of pd 66,TRUE,pond 66,within park
pd79E,TRUE,pond 79,within park
NE pd66/pd67,TRUE,pond 67,within park
pd 4439,TRUE,pond 4,within park
pd25,TRUE,pond 25,within park
pd65,TRUE,pond 65,within park
E of pd50 (in stubble),TRUE,pond 50,within park
pond 79E-S,TRUE,pond 79,within park
pd113,TRUE,pond 113,within park
n50 S of pd 20,TRUE,pond 20,within park
pd 1 E,TRUE,pond 1,within park
pd 25,TRUE,pond 25,within park
pd 35,TRUE,pond 35,within park
pd26,TRUE,pond 26,within park
pd66,TRUE,pond 66,within park
pd 1 W,TRUE,pond 1,within park
pd1,TRUE,pond 1,within park
in stubble S of pd24,TRUE,pond 24,within park
decoy trap (pd27),TRUE,pond 27,within park
pd 1 (E),TRUE,pond 1,within park
pd 1 (E side),TRUE,pond 1,within park
pd1 nest 008,TRUE,pond 1,within park
pd1 E,TRUE,pond 1,within park
pd 1 (decoy trap),TRUE,pond 1,within park
pd 1 ,TRUE,pond 1,within park
pd 65,TRUE,pond 65,within park
pd 10,TRUE,pond 10,within park
pd 66,TRUE,pond 66,within park
pd 4857,TRUE,pond 48,within park
pd 1 E ,TRUE,pond 1,within park
pd 1 N,TRUE,pond 1,within park
pd 79 E,TRUE,pond 79,within park
pd 65 s,TRUE,pond 65,within park
N of pd 25,TRUE,pond 25,within park
pd 113,TRUE,pond 113,within park
pd 26,TRUE,pond 26,within park
pd 1 SE,TRUE,pond 1,within park
pd 17,TRUE,pond 17,within park
pd 1 SW,TRUE,pond 1,within park
pd 20 ,TRUE,pond 20,within park
pd 18,TRUE,pond 18,within park
pd 15,TRUE,pond 15,within park
pd 20 (19:07 hrs),TRUE,pond 20,within park
SE pd 20 on road,TRUE,pond 20,within park
pd 1 - PEN,TRUE,pond 1,within park
pd 87,TRUE,pond 87,within park
pd 1 S,TRUE,pond 1,within park
pd 1 NW,TRUE,pond 1,within park
pd 4,TRUE,pond 4,within park
pd 90,TRUE,pond 90,within park
p140,TRUE,pond 140,within park
SE Pd1,TRUE,pond 1,within park
"E of Pd1, W of Pd140",TRUE,pond 140,within park
West of Pd40,TRUE,pond 40,within park
P2943,TRUE,pond 29,within park
P4857,TRUE,pond 48,within park
P1,TRUE,pond 1,within park
P90,TRUE,pond 90,within park
Pd140 - orange? green?,TRUE,pond 140,within park
Pd140 ,TRUE,pond 140,within park
N of Yard? Negative Pd1,TRUE,pond 1,within park
Pd1 NE,TRUE,pond 1,within park
SE end Pd1,TRUE,pond 1,within park
Pd1,TRUE,pond 1,within park
Island Pd1,TRUE,pond 1,within park
Pd1 on Island,TRUE,pond 1,within park
N end Pd1,TRUE,pond 1,within park
NE end Pd1,TRUE,pond 1,within park
NW side Pd1,TRUE,pond 1,within park
Pd1 Island,TRUE,pond 1,within park
Pd5056,TRUE,pond 50,within park
NW end Pd1,TRUE,pond 1,within park
Pd90 N end at bait traps,TRUE,pond 90,within park
NW share of island Pd1,TRUE,pond 1,within park
Nest area pond #1,TRUE,pond 1,within park
On nest Pd1 Island,TRUE,pond 1,within park
Pd94,TRUE,pond 94,within park
nest area Pd48,TRUE,pond 48,within park
Pd90,TRUE,pond 90,within park
Pd90 NW,TRUE,pond 90,within park
"E of Pd90, S of 6751, E of 92",TRUE,pond 90,within park
Pd90 (Swend),TRUE,pond 90,within park
Pd90 SR only saw colours/not...?,TRUE,pond 90,within park
Pd90 NW side,TRUE,pond 90,within park
Pd90 - South Central Broods Obs,TRUE,pond 90,within park
NW tip Pd90,TRUE,pond 90,within park
Pd90 (NW side),TRUE,pond 90,within park
W end of Pd90,TRUE,pond 90,within park
Pd905,TRUE,pond 90,within park
Pd90 NW end,TRUE,pond 90,within park
Pd90 area,TRUE,pond 90,within park
P133,TRUE,pond 133,within park
P137,TRUE,pond 137,within park
Pd1 N side of island,TRUE,pond 1,within park
Pd1 W Side,TRUE,pond 1,within park
Pd 86,TRUE,pond 8,within park
East side Pd1,TRUE,pond 1,within park
Pd7144,TRUE,pond 71,within park
N018 (w pd1),TRUE,pond 1,within park
SW end Pd1,TRUE,pond 1,within park
S end Pd66,TRUE,pond 66,within park
East Pd1,TRUE,pond 1,within park
Pd1 w,TRUE,pond 1,within park
Pd1 N tip ISL,TRUE,pond 1,within park
Pd1 N west,TRUE,pond 1,within park
Pd20,TRUE,pond 20,within park
CW side Pd1,TRUE,pond 1,within park
Pd67,TRUE,pond 67,within park
Pd1 N end,TRUE,pond 1,within park
N end in Pd1 uplands,TRUE,pond 1,within park
Pd96,TRUE,pond 96,within park
Pd125 N,TRUE,pond 125,within park
Pd125 S,TRUE,pond 125,within park
SE Pd125 S,TRUE,pond 125,within park
Pd125 S OR N,TRUE,pond 125,within park
Brood Pd125 - no sight,TRUE,pond 125,within park
Pd125 N or S,TRUE,pond 125,within park
S end Pd125,TRUE,pond 125,within park
Pd125 N (0733-0909),TRUE,pond 125,within park
E side Pd125 N,TRUE,pond 125,within park
Pd124 (visual),TRUE,pond 124,within park
Pd124,TRUE,pond 124,within park
Pd97,TRUE,pond 97,within park
NE end of Pd97,TRUE,pond 97,within park
E side Pd97,TRUE,pond 97,within park
W of  Pd25,TRUE,pond 25,within park
Pd25 vicinity,TRUE,pond 25,within park
E of pd35 22m. E of nest II 17,TRUE,pond 35,within park
E of pd35,TRUE,pond 35,within park
on nest E of pd35,TRUE,pond 35,within park
N of pd35,TRUE,pond 35,within park
NE of pd35,TRUE,pond 35,within park
pd35 alone,TRUE,pond 35,within park
NE of pd35 (ON NEST),TRUE,pond 35,within park
on SE end Pd26,TRUE,pond 26,within park
Midway between PD67+66,TRUE,pond 67,within park
SE Pd67,TRUE,pond 67,within park
SW Pd67,TRUE,pond 67,within park
S end Pd67 (possiby in uplands),TRUE,pond 67,within park
S end Pd67,TRUE,pond 67,within park
N end Pd67,TRUE,pond 67,within park
Pd67 CW side,TRUE,pond 67,within park
Pd67 SW end,TRUE,pond 67,within park
Pd67 N end,TRUE,pond 67,within park
Pd67 NE side,TRUE,pond 67,within park
Pd67 N,TRUE,pond 67,within park
Pd67 CENTER,TRUE,pond 67,within park
Pd1 N site,TRUE,pond 1,within park
S end Pd1,TRUE,pond 1,within park
SE side Pd1,TRUE,pond 1,within park
SW end of Pd1,TRUE,pond 1,within park
Pd1 S end,TRUE,pond 1,within park
Pd1 ,TRUE,pond 1,within park
Pd 90,TRUE,pond 90,within park
S end of Pd1,TRUE,pond 1,within park
Pd1 SW end,TRUE,pond 1,within park
Pd1 W end and SE side,TRUE,pond 1,within park
Pd1 NE side,TRUE,pond 1,within park
Pd6? no sight,TRUE,pond 6,within park
Pd1 central east side ,TRUE,pond 1,within park
E side Pd1,TRUE,pond 1,within park
SW side Pd1,TRUE,pond 1,within park
Pd 6631,TRUE,pond 66,within park
Pd105 watched from 1445-1615,TRUE,pond 105,within park
W Pd28,TRUE,pond 28,within park
E Pd26,TRUE,pond 26,within park
Pd26,TRUE,pond 26,within park
10 m. E swallow box 110 SW Pd 20 W,TRUE,pond 20,within park
S of Pd26 near road,TRUE,pond 26,within park
Pd25,TRUE,pond 25,within park
Pd99,TRUE,pond 99,within park
Pd98,TRUE,pond 98,within park
N of Pd128,TRUE,pond 128,within park
NE side Pd20,TRUE,pond 20,within park
Pd 70 or 71,TRUE,pond 70,within park
Pd 75,TRUE,pond 75,within park
Pd 70 duckling 1b,TRUE,pond 70,within park
W end Pd79,TRUE,pond 79,within park
Pd76,TRUE,pond 76,within park
Pd76 no sighting,TRUE,pond 76,within park
S side Pd 76,TRUE,pond 76,within park
SE side Pd 66,TRUE,pond 66,within park
N side Pd 76,TRUE,pond 76,within park
Pd76?,TRUE,pond 76,within park
Pd66,TRUE,pond 66,within park
Pd 71,TRUE,pond 71,within park
S Pd 71,TRUE,pond 71,within park
Pd71,TRUE,pond 71,within park
Morning barely heard E of Pd66 afternoon AWOL,TRUE,pond 66,within park
S of Pd 17 N#011,TRUE,pond 17,within park
NW of Pd20W ,TRUE,pond 20,within park
Southeast of Pd92,TRUE,pond 92,within park
Southeast of Pd93,TRUE,pond 9,within park
Pd 125N,TRUE,pond 125,within park
East Pd 133 Nest #239,TRUE,pond 133,within park
Pd50,TRUE,pond 50,within park
Pd 1 North,TRUE,pond 1,within park
Pd 94,TRUE,pond 94,within park
Pd 65,TRUE,pond 65,within park
Pd 67,TRUE,pond 67,within park
Pd 20,TRUE,pond 20,within park
Pd 25,TRUE,pond 25,within park
Pd 26,TRUE,pond 26,within park
Pd 35,TRUE,pond 35,within park
Pd79W,TRUE,pond 79,within park
Pd1W,TRUE,pond 1,within park
Pd 7040,TRUE,pond 70,within park
Pd 108,TRUE,pond 10,within park
Pd1E,TRUE,pond 1,within park
Northweast Pd1,TRUE,pond 1,within park
Pd245,TRUE,pond 24,within park
pd 50,TRUE,pond 50,within park
SW pd 1,TRUE,pond 1,within park
1 pd E of pd 94,TRUE,pond 94,within park
pd 94,TRUE,pond 94,within park
nest 676 E pd 67,TRUE,pond 67,within park
pd 125 S,TRUE,pond 125,within park
N End pd 1 Near Trail,TRUE,pond 1,within park
NW side of pd 90 in bushes,TRUE,pond 90,within park
NE pd 1,TRUE,pond 1,within park
Near pd 131 (Nest 275),TRUE,pond 131,within park
pd 97,TRUE,pond 97,within park
pd 128,TRUE,pond 128,within park
pd #1,TRUE,pond 1,within park
nest 227 W pd 97,TRUE,pond 97,within park
pd 90A,TRUE,pond 90,within park
pd 118,TRUE,pond 118,within park
nest #151 W pd 20 W,TRUE,pond 20,within park
pd 90 A,TRUE,pond 90,within park
pd 140,TRUE,pond 140,within park
pd 90 ,TRUE,pond 90,within park
pd 124,TRUE,pond 124,within park
Pond 65,TRUE,pond 65,within park
Pd 1 W,TRUE,pond 1,within park
NW pd 1,TRUE,pond 1,within park
NW pd 109,TRUE,pond 109,within park
bluff S of pd 50,TRUE,pond 50,within park
pd 61,TRUE,pond 61,within park
pd 20,TRUE,pond 20,within park
pd 97/98,TRUE,pond 97,within park
pd 50 ,TRUE,pond 50,within park
pd 125N,TRUE,pond 125,within park
"nest 367, pd 139",TRUE,pond 139,within park
NE of pd 67,TRUE,pond 67,within park
pd 26A,TRUE,pond 26,within park
pd 26N,TRUE,pond 26,within park
pd 90b,TRUE,pond 90,within park
pd 1 e,TRUE,pond 1,within park
Nest #013 flushed pd 1 E,TRUE,pond 1,within park
N 087 E of pd 14,TRUE,pond 14,within park
N of pd 14,TRUE,pond 14,within park
N pd 1,TRUE,pond 1,within park
N 059 NE of pd 3,TRUE,pond 3,within park
p 66,TRUE,pond 66,within park
N 085 SE of pd 14,TRUE,pond 14,within park
N 041 N of pd 140,TRUE,pond 140,within park
N 057 E of pd 14,TRUE,pond 14,within park
NE pd 29 in field,TRUE,pond 29,within park
pd 71,TRUE,pond 71,within park
SE pd 1,TRUE,pond 1,within park
pd 1 SSE,TRUE,pond 1,within park
N 073 N of pd 1,TRUE,pond 1,within park
S end pd 1,TRUE,pond 1,within park
pd 90 B,TRUE,pond 90,within park
In field E of pond 90,TRUE,pond 90,within park
pd 37,TRUE,pond 37,within park
pd 6,TRUE,pond 6,within park
pd 20 W,TRUE,pond 20,within park
N edge of pd 66,TRUE,pond 66,within park
pd 5618,TRUE,pond 56,within park
N347 pd 2,TRUE,pond 2,within park
N 041 flushed to pd 1 ,TRUE,pond 1,within park
in field b/w pd 26 and 67,TRUE,pond 26,within park
in crop west of pd 67,TRUE,pond 67,within park
SE of pd 109,TRUE,pond 109,within park
pd 80,TRUE,pond 80,within park
pd 4336,TRUE,pond 4,within park
E ISLAND PD1,TRUE,pond 1,within park
E PD 1 ,TRUE,pond 1,within park
PD 1,TRUE,pond 1,within park
NEPD1,TRUE,pond 1,within park
Pd 1 ,TRUE,pond 1,within park
Pd 1,TRUE,pond 1,within park
Pd 79E,TRUE,pond 79,within park
Pd 15,TRUE,pond 15,within park
Pd 97,TRUE,pond 97,within park
Pd5338,TRUE,pond 5,within park
NWPd1,TRUE,pond 1,within park
Pd90B,TRUE,pond 90,within park
Pd90A,TRUE,pond 90,within park
PD80,TRUE,pond 80,within park
SWEPd63,TRUE,pond 63,within park
Pd65,TRUE,pond 65,within park
Pd70,TRUE,pond 70,within park
pd125N,TRUE,pond 125,within park
Pd80,TRUE,pond 80,within park
Pd3558,TRUE,pond 35,within park
Pd1SE,TRUE,pond 1,within park
Pd 7GE,TRUE,pond 7,within park
Pd 1W,TRUE,pond 1,within park
Pd140,TRUE,pond 140,within park
Pd56,TRUE,pond 56,within park
Pd15,TRUE,pond 15,within park
Pd53,TRUE,pond 5,within park
Pd1; n248,TRUE,pond 1,within park
Pd15E,TRUE,pond 15,within park
Pd1w,TRUE,pond 1,within park
Pd1N,TRUE,pond 1,within park
Pd1SW,TRUE,pond 1,within park
Pd11,TRUE,pond 11,within park
Pd1Nend,TRUE,pond 1,within park
SendPd1,TRUE,pond 1,within park
Pd19E,TRUE,pond 19,within park
Pd79E,TRUE,pond 79,within park
Pd79,TRUE,pond 79,within park
SEPd1,TRUE,pond 1,within park
SWPd1,TRUE,pond 1,within park
Pd1S,TRUE,pond 1,within park
Pd125s,TRUE,pond 125,within park
Pd5,TRUE,pond 5,within park
Pd1 n11,TRUE,pond 1,within park
Pd78E,TRUE,pond 78,within park
Pd79B,TRUE,pond 79,within park
Pd125,TRUE,pond 125,within park
Pd65S,TRUE,pond 65,within park
Pd6,TRUE,pond 6,within park
S of Pd90B,TRUE,pond 90,within park
"nS-3, NE Pd90",TRUE,pond 90,within park
Pond 1,TRUE,pond 1,within park
Pond 90B,TRUE,pond 90,within park
Pond 90A,TRUE,pond 90,within park
Pd 90B,TRUE,pond 90,within park
Pd1 SE,TRUE,pond 1,within park
P125N,TRUE,pond 125,within park
Pd1SE end,TRUE,pond 1,within park
Pd1SW end,TRUE,pond 1,within park
P1SE,TRUE,pond 1,within park
Pd1NE,TRUE,pond 1,within park
Pd7W,TRUE,pond 7,within park
Pd1255,TRUE,pond 125,within park
Pd125N,TRUE,pond 125,within park
Pd1NW,TRUE,pond 1,within park
"Pd84, n239",TRUE,pond 84,within park
Pd20W,TRUE,pond 20,within park
Pd35,TRUE,pond 35,within park
Pd125c,TRUE,pond 125,within park
Pd125S,TRUE,pond 125,within park
p1 W,TRUE,pond 1,within park
p15,TRUE,pond 15,within park
p1 E,TRUE,pond 1,within park
p1 (disco),TRUE,pond 1,within park
NE of pd 20,TRUE,pond 20,within park
p69,TRUE,pond 69,within park
p65 N,TRUE,pond 65,within park
p90 B,TRUE,pond 90,within park
p1 E (south),TRUE,pond 1,within park
pd125 N,TRUE,pond 125,within park
p125 N,TRUE,pond 125,within park
p1 N,TRUE,pond 1,within park
p1 ,TRUE,pond 1,within park
p56,TRUE,pond 56,within park
p16 N,TRUE,pond 16,within park
p61,TRUE,pond 61,within park
p78 S,TRUE,pond 78,within park
p25 W,TRUE,pond 25,within park
p80,TRUE,pond 80,within park
p65 W middle,TRUE,pond 65,within park
p1 W side,TRUE,pond 1,within park
p1 SW,TRUE,pond 1,within park
p1857,TRUE,pond 18,within park
p90 B S,TRUE,pond 90,within park
p35,TRUE,pond 35,within park
p1 NE,TRUE,pond 1,within park
p1 NW,TRUE,pond 1,within park
p1 SE,TRUE,pond 1,within park
p1 E side,TRUE,pond 1,within park
p1 SE side,TRUE,pond 1,within park
pd79,TRUE,pond 79,within park
S end of p1 W + on stable NE p5,TRUE,pond 5,within park
NW p29 n190,TRUE,pond 29,within park
send p1 in stuble between p4&5,TRUE,pond 4,within park
p20 N end,TRUE,pond 20,within park
P65,TRUE,pond 65,within park
p67 ,TRUE,pond 67,within park
n524 (p14 E),TRUE,pond 14,within park
p1 W ,TRUE,pond 1,within park
p1 S,TRUE,pond 1,within park
p90 ,TRUE,pond 90,within park
p79,TRUE,pond 79,within park
p78,TRUE,pond 78,within park
p 90 A,TRUE,pond 90,within park
p 90 B,TRUE,pond 90,within park
p79 E end,TRUE,pond 79,within park
p1 N end,TRUE,pond 1,within park
p25 N,TRUE,pond 25,within park
p 1 N,TRUE,pond 1,within park
p 1 ,TRUE,pond 1,within park
p58,TRUE,pond 58,within park
P90 B,TRUE,pond 90,within park
P90 A,TRUE,pond 90,within park
P90 S,TRUE,pond 90,within park
p130 N,TRUE,pond 130,within park
p79 ,TRUE,pond 79,within park
p1 E of pd 94,TRUE,pond 94,within park
p1 w ,TRUE,pond 1,within park
p35 S SWend native,TRUE,pond 35,within park
p1 S end,TRUE,pond 1,within park
p5634,TRUE,pond 56,within park
p1 A,TRUE,pond 1,within park
p113 NE,TRUE,pond 113,within park
S of pd 5338,TRUE,pond 5,within park
50m NW of pd 38,TRUE,pond 38,within park
pd 79E ,TRUE,pond 79,within park
N of pd 5056,TRUE,pond 50,within park
pd 79 E ,TRUE,pond 79,within park
SW end pd 90 ,TRUE,pond 90,within park
pd 90B,TRUE,pond 90,within park
pd 90 B ,TRUE,pond 90,within park
nest 662 SE of pd 92 ,TRUE,pond 92,within park
pd 1W ,TRUE,pond 1,within park
1st pd NE of pd 4717,TRUE,pond 4,within park
pd 66 ,TRUE,pond 66,within park
nest 506 N of pd 90,TRUE,pond 90,within park
Nest S pd 50,TRUE,pond 50,within park
pd 70,TRUE,pond 70,within park
pd 26 ,TRUE,pond 26,within park
pd 27,TRUE,pond 27,within park
pd 76,TRUE,pond 76,within park
pd 79 W,TRUE,pond 79,within park
PD 65,TRUE,pond 65,within park
E of pd 94,TRUE,pond 94,within park
? pd 25,TRUE,pond 25,within park
pd 66 (s),TRUE,pond 66,within park
pd 79,TRUE,pond 79,within park
"In field N of pd 28, E end of pd 29",TRUE,pond 29,within park
"N of pd 3, N229",TRUE,pond 3,within park
pd 1 NE,TRUE,pond 1,within park
nest 642 N pd 139,TRUE,pond 139,within park
Pd 50,TRUE,pond 50,within park
nest 598 N pd 24 S,TRUE,pond 24,within park
pd 1 NE End,TRUE,pond 1,within park
pd 1 fr. South,TRUE,pond 1,within park
SW pd 137 N1,TRUE,pond 137,within park
pd 12,TRUE,pond 12,within park
nest 399 E pd 90,TRUE,pond 90,within park
Pd 1 SW,TRUE,pond 1,within park
pd 20 S,TRUE,pond 20,within park
nest 461 S pd 33,TRUE,pond 33,within park
pd 25 N,TRUE,pond 25,within park
nest 568 w pd 28,TRUE,pond 28,within park
pd 26 A,TRUE,pond 26,within park
n191 @ pd 90,TRUE,pond 90,within park
pd 125,TRUE,pond 125,within park
N152 @ pd 128,TRUE,pond 128,within park
crop edge W of p 90,TRUE,pond 90,within park
pd 26 N,TRUE,pond 26,within park
In crop by pd 20,TRUE,pond 20,within park
flush from nest # 105 to pd 26,TRUE,pond 26,within park
pd 5,TRUE,pond 5,within park
SW Pd 1,TRUE,pond 1,within park
n 191@ pd 50,TRUE,pond 50,within park
pd 19,TRUE,pond 19,within park
pd 67 ,TRUE,pond 67,within park
p1E,TRUE,pond 1,within park
p60,TRUE,pond 60,within park
p7,TRUE,pond 7,within park
p45,TRUE,pond 45,within park
p125S,TRUE,pond 125,within park
p79E,TRUE,pond 79,within park
p22,TRUE,pond 2,within park
p79E (bait trap),TRUE,pond 79,within park
p65S,TRUE,pond 65,within park
p1E(s.end),TRUE,pond 1,within park
p1W(s.end),TRUE,pond 1,within park
p1W,TRUE,pond 1,within park
p90B,TRUE,pond 90,within park
"stubble field #50, #60",FALSE,unknown,NA
n11,FALSE,unknown,NA
R.O.W near #67,FALSE,unknown,NA
n1 ,FALSE,unknown,NA
#1,FALSE,unknown,NA
#27,FALSE,unknown,NA
stubble field S of house,FALSE,unknown,NA
n36,FALSE,unknown,NA
see comments ,FALSE,unknown,NA
NE of #29,FALSE,unknown,NA
SE lobe of #66,FALSE,unknown,NA
?,FALSE,unknown,NA
old foundation near house,FALSE,unknown,NA
n17 (hatched),FALSE,unknown,NA
#50,FALSE,unknown,NA
3rd pond S of xroads,FALSE,unknown,NA
pond S of xroads,FALSE,unknown,NA
#2,FALSE,unknown,NA
n8 (8 eggs)(nest trapped),FALSE,unknown,NA
n8,FALSE,unknown,NA
n148,FALSE,unknown,NA
#125,FALSE,unknown,NA
Nest #54 S of 40,FALSE,unknown,NA
slough off SE corner of area ,FALSE,unknown,NA
slough off NE corner of area ,FALSE,unknown,NA
slough 1km E of SE corner of area ,FALSE,unknown,NA
same as above,FALSE,unknown,NA
slough across road (South) of 90 S,FALSE,unknown,NA
#79,FALSE,unknown,NA
n21 NW hayfield,FALSE,unknown,NA
slough partially in NW corner of area,FALSE,unknown,NA
n50 (10 eggs),FALSE,unknown,NA
hayfield W of 79,FALSE,unknown,NA
"large slough 1km S, .75 km W of main grid road undersection at South end of area ",FALSE,unknown,NA
flew from #1 to #125,FALSE,unknown,NA
6847,FALSE,unknown,NA
slough 1km N of area E side of grid road,FALSE,unknown,NA
"N of house, off area",FALSE,unknown,NA
slough 1km N of house ,FALSE,unknown,NA
1 1/4 mi NW of house,FALSE,unknown,NA
on slough off NW corner of area ,FALSE,unknown,NA
on slough 1 mi N and 1 mi W of area,FALSE,unknown,NA
2 mi WNW of house,FALSE,unknown,NA
1 1/2 mi NW of house,FALSE,unknown,NA
"midpoint of North fence, East block",FALSE,unknown,NA
S of 79 (across road),FALSE,unknown,NA
on road South of NWA to (main grid) St Denis +/- 200m,FALSE,unknown,NA
n52,FALSE,unknown,NA
n4,FALSE,unknown,NA
Temp pond =50 m E of main grid about 200 m S of SW corner of East block,FALSE,unknown,NA
n93,FALSE,unknown,NA
n86,FALSE,unknown,NA
n12,FALSE,unknown,NA
1 W,FALSE,unknown,NA
125N,FALSE,unknown,NA
South of 60 at gate to West block (pond at gate),FALSE,unknown,NA
n67,FALSE,unknown,NA
Nest #101 (abandoned),FALSE,unknown,NA
n66,FALSE,unknown,NA
n124,FALSE,unknown,NA
n146,FALSE,unknown,NA
n49,FALSE,unknown,NA
n158,FALSE,unknown,NA
125n,FALSE,unknown,NA
field west of 125n,FALSE,unknown,NA
pond ,FALSE,unknown,NA
n85,FALSE,unknown,NA
n72 (successful),FALSE,unknown,NA
n72,FALSE,unknown,NA
n112,FALSE,unknown,NA
pd. 6753,FALSE,unknown,NA
on nest ,FALSE,unknown,NA
n24,FALSE,unknown,NA
WEST 8 (hatch),FALSE,unknown,NA
on nest 071 (destroyed),FALSE,unknown,NA
295,FALSE,unknown,NA
S of 79 E,FALSE,unknown,NA
pd-79E,FALSE,unknown,NA
n26,FALSE,unknown,NA
n50,FALSE,unknown,NA
n26 (9 egg clutch),FALSE,unknown,NA
n50 (started with 8 egg clutch),FALSE,unknown,NA
n23,FALSE,unknown,NA
field S of driveway,FALSE,unknown,NA
n99,FALSE,unknown,NA
nest 070,FALSE,unknown,NA
nest 006,FALSE,unknown,NA
nest #100,FALSE,unknown,NA
n25,FALSE,unknown,NA
n15,FALSE,unknown,NA
nest 045,FALSE,unknown,NA
n44,FALSE,unknown,NA
n81,FALSE,unknown,NA
nest 021,FALSE,unknown,NA
island,FALSE,unknown,NA
n55 (H),FALSE,unknown,NA
nest 008,FALSE,unknown,NA
nest 21 (ISL),FALSE,unknown,NA
Nest 019,FALSE,unknown,NA
Nest 009,FALSE,unknown,NA
nest 009,FALSE,unknown,NA
nest 009 ,FALSE,unknown,NA
Nest 8,FALSE,unknown,NA
nest #1,FALSE,unknown,NA
nest 16 ,FALSE,unknown,NA
nest #4,FALSE,unknown,NA
"Trenton, Kentucky",FALSE,unknown,NA
nest #6 ,FALSE,unknown,NA
on nest (NW of quanset) *see attached brood OBS. form,FALSE,unknown,NA
"Leshara, Nebraska",FALSE,unknown,NA
nest 184,FALSE,unknown,NA
on nest 75,FALSE,unknown,NA
nest 76,FALSE,unknown,NA
nest 132,FALSE,unknown,NA
nest 007,FALSE,unknown,NA
nest 2  (island),FALSE,unknown,NA
nest 7,FALSE,unknown,NA
nest 203,FALSE,unknown,NA
NATAL Nest #6 ,FALSE,unknown,NA
nest 010,FALSE,unknown,NA
nest 010 ,FALSE,unknown,NA
nest 001,FALSE,unknown,NA
nest 79,FALSE,unknown,NA
n015,FALSE,unknown,NA
1/4 mi S of Nwa,FALSE,unknown,NA
??,FALSE,unknown,NA
1/2 mi. SE of Main Road,FALSE,unknown,NA
Awol SL,FALSE,unknown,NA
S of 5338 SL,FALSE,unknown,NA
S of 5338 SL ON E side of Pd SL,FALSE,unknown,NA
Awol,FALSE,unknown,NA
NE of Labreques (S of 5338) SL,FALSE,unknown,NA
"S of 5335 JF, MD",FALSE,unknown,NA
Near 2940 freq SL,FALSE,unknown,NA
Same pond as 2940 SL,FALSE,unknown,NA
NE of Lebreques  Acting Broody SL,FALSE,unknown,NA
n460,FALSE,unknown,NA
N/A,FALSE,unknown,NA
N078,FALSE,unknown,NA
N9,FALSE,unknown,NA
AWAL,FALSE,unknown,NA
Island,FALSE,unknown,NA
N of NWA,FALSE,unknown,NA
CE of Island,FALSE,unknown,NA
S end Island near fence,FALSE,unknown,NA
S end Island,FALSE,unknown,NA
Pd N of quanset,FALSE,unknown,NA
Pd N of fence N of 1st insect trap,FALSE,unknown,NA
Pd N of quanset along road,FALSE,unknown,NA
Pd N of Quanset,FALSE,unknown,NA
NW share of island,FALSE,unknown,NA
Possibly on island,FALSE,unknown,NA
NW end island,FALSE,unknown,NA
on nest,FALSE,unknown,NA
on NW corner of island,FALSE,unknown,NA
NW corner of island,FALSE,unknown,NA
NW end Island ,FALSE,unknown,NA
On NW side Island nest?,FALSE,unknown,NA
"Found Dead near nest eggs untouched ""Dead""",FALSE,unknown,NA
N48,FALSE,unknown,NA
Lg od? S of area along field??,FALSE,unknown,NA
Could it final?,FALSE,unknown,NA
N137,FALSE,unknown,NA
N11,FALSE,unknown,NA
E. side Island,FALSE,unknown,NA
N09,FALSE,unknown,NA
n09,FALSE,unknown,NA
1530,FALSE,unknown,NA
n79,FALSE,unknown,NA
W island,FALSE,unknown,NA
UNK,FALSE,unknown,NA
Island Nest II 26,FALSE,unknown,NA
Pd01,FALSE,unknown,NA
N3,FALSE,unknown,NA
N end Island,FALSE,unknown,NA
Island N II 20,FALSE,unknown,NA
1W,FALSE,unknown,NA
N share Isl,FALSE,unknown,NA
Nest,FALSE,unknown,NA
AWOL,FALSE,unknown,NA
N17,FALSE,unknown,NA
ON NEST,FALSE,unknown,NA
NEST AREA,FALSE,unknown,NA
N62,FALSE,unknown,NA
S end island,FALSE,unknown,NA
N est 125,FALSE,unknown,NA
N146 island,FALSE,unknown,NA
N 195 ISL,FALSE,unknown,NA
on island,FALSE,unknown,NA
SW end Island ,FALSE,unknown,NA
SE Island,FALSE,unknown,NA
no sighting,FALSE,unknown,NA
Just off the SE end of Island,FALSE,unknown,NA
SW island,FALSE,unknown,NA
Couldn't find,FALSE,unknown,NA
N24 ISL,FALSE,unknown,NA
ISLA #25,FALSE,unknown,NA
Island Nest 27,FALSE,unknown,NA
1/2 Mi SE Of Bouissiarie's,FALSE,unknown,NA
ISLAND Nest #36,FALSE,unknown,NA
field feeding 2 male following her,FALSE,unknown,NA
N. labe* of Pd N of 6642,FALSE,unknown,NA
No sighting Pd N of 6642,FALSE,unknown,NA
SE of area,FALSE,unknown,NA
W side of road in 2nd pd S house S of skunk pens,FALSE,unknown,NA
E side of road in 2nd pd S house S of skunk pens,FALSE,unknown,NA
S of Bouissier's Farm W side road,FALSE,unknown,NA
E side road Bouissieres SE,FALSE,unknown,NA
Weak signal SE of SE corner of study area,FALSE,unknown,NA
S of Bouissier's on E side road,FALSE,unknown,NA
E of Bouissier's on E side road (not sure where),FALSE,unknown,NA
N330,FALSE,unknown,NA
Skomars Pond,FALSE,unknown,NA
feild by 5056,FALSE,unknown,NA
Skomars Pd,FALSE,unknown,NA
Pd N of NWA N of saptives ,FALSE,unknown,NA
Pd N of duck pen,FALSE,unknown,NA
Brood ob nothing seen,FALSE,unknown,NA
NW finger* visual of pd N of duck pen,FALSE,unknown,NA
SW corner of pd N of duck pen,FALSE,unknown,NA
Central Pd N of duck pen,FALSE,unknown,NA
No sighting,FALSE,unknown,NA
NW duck pen,FALSE,unknown,NA
SW corner of large Pd N of captives ,FALSE,unknown,NA
S end corner of large Pd N of captives ,FALSE,unknown,NA
S end caught two of her duckling,FALSE,unknown,NA
Pd N of captive,FALSE,unknown,NA
Visual on nest,FALSE,unknown,NA
S of house S of SE corner of NWA,FALSE,unknown,NA
W of house S of SE corner of NWA (in pond),FALSE,unknown,NA
W of house S of SE corner of NWA (visual from distance),FALSE,unknown,NA
Same area or maybe S farther,FALSE,unknown,NA
W of house S of Skunk pen,FALSE,unknown,NA
w OF Bouissiere's,FALSE,unknown,NA
Pd S of 90b,FALSE,unknown,NA
S of 5338 ,FALSE,unknown,NA
W of 5338,FALSE,unknown,NA
SE of Boussiere's,FALSE,unknown,NA
Straight N of Bossieres,FALSE,unknown,NA
SW of boussieres,FALSE,unknown,NA
Field N of boussieres ,FALSE,unknown,NA
N of boussieres,FALSE,unknown,NA
Unknown,FALSE,unknown,NA
Pd N of Boussieres,FALSE,unknown,NA
W side of 76,FALSE,unknown,NA
not sure if theeir hers she flushed earlier,FALSE,unknown,NA
Schomars Pd N of duckpen,FALSE,unknown,NA
NE N241,FALSE,unknown,NA
SW of Skomars Pd,FALSE,unknown,NA
N011,FALSE,unknown,NA
North of La Breques,FALSE,unknown,NA
Northeast of La Braques,FALSE,unknown,NA
"Northeast of La Braques, lentil field in wetland on muskrat house",FALSE,unknown,NA
N,FALSE,unknown,NA
Centre of 1/4 sec south of Bousierre's Farms ,FALSE,unknown,NA
"Centre of 1/4 sec south of Bousierre's Farms, 1/2 mile futher South of Bousierre's Farm",FALSE,unknown,NA
1/2 miles West on North border study area ,FALSE,unknown,NA
90 meters of road; 150 meters East of skunkper,FALSE,unknown,NA
1/2 miles East of skunkper,FALSE,unknown,NA
Nest Southeast Arthur's,FALSE,unknown,NA
South of 5338,FALSE,unknown,NA
South Pd South of 5338,FALSE,unknown,NA
South of 5338 Northwest Tip,FALSE,unknown,NA
Southeast of Arthur's house,FALSE,unknown,NA
Pd South of 5538,FALSE,unknown,NA
Southwest end South of 5338,FALSE,unknown,NA
Northwest end South of 5338,FALSE,unknown,NA
Southwest end of 5338,FALSE,unknown,NA
Southeast of South of 5338,FALSE,unknown,NA
Pd West of Bousierres,FALSE,unknown,NA
3 to 4 miles southeast of awa on huge wetland (See map in the clipboard),FALSE,unknown,NA
On nest,FALSE,unknown,NA
South of 4439 East side ,FALSE,unknown,NA
Nest1168,FALSE,unknown,NA
North 072,FALSE,unknown,NA
Nest 038,FALSE,unknown,NA
Nest 021,FALSE,unknown,NA
Nest 54,FALSE,unknown,NA
Pd Southwest Labreque's,FALSE,unknown,NA
Nest 251,FALSE,unknown,NA
East of 5056,FALSE,unknown,NA
Nest022 (island),FALSE,unknown,NA
Nest 343 (island),FALSE,unknown,NA
140,FALSE,unknown,NA
Northeast of 5056,FALSE,unknown,NA
1.25NNE of study area,FALSE,unknown,NA
Nest 319,FALSE,unknown,NA
East of North side study area,FALSE,unknown,NA
1E,FALSE,unknown,NA
#208 island,FALSE,unknown,NA
Nest 361,FALSE,unknown,NA
2 mi SW study area,FALSE,unknown,NA
1 mi SSE of study area,FALSE,unknown,NA
1 1/4 mi SSE study area,FALSE,unknown,NA
SW of Labreques,FALSE,unknown,NA
SW arthur Denis,FALSE,unknown,NA
pd SSW 1/2 mi SWL of Boussiere's,FALSE,unknown,NA
1/4 mi NE of study area,FALSE,unknown,NA
25,FALSE,unknown,NA
Skomar's pd,FALSE,unknown,NA
island nest #020,FALSE,unknown,NA
first pd SW of Boussiere's driveway,FALSE,unknown,NA
nest 558 island,FALSE,unknown,NA
lge wetlland 2.5 mi NWof NWA,FALSE,unknown,NA
nest,FALSE,unknown,NA
Isl Nest #19,FALSE,unknown,NA
N 130 ISL,FALSE,unknown,NA
2 pds N of 7044,FALSE,unknown,NA
N 219,FALSE,unknown,NA
"Shirley, Arkansas",FALSE,unknown,NA
pd # 1,FALSE,unknown,NA
nest #034,FALSE,unknown,NA
on nest island (Nest 209),FALSE,unknown,NA
"Sping Bay, Illinois",FALSE,unknown,NA
#79 E,FALSE,unknown,NA
"Reel Feet Lake, Tennesee",FALSE,unknown,NA
20,FALSE,unknown,NA
pd E of 90B,FALSE,unknown,NA
N 232 ISL,FALSE,unknown,NA
1 mi E of NE side NWA,FALSE,unknown,NA
"N 125 
13 L",FALSE,unknown,NA
N 207,FALSE,unknown,NA
N 163 ISL,FALSE,unknown,NA
nest 015,FALSE,unknown,NA
Nest 016 near quanset,FALSE,unknown,NA
Nest 405,FALSE,unknown,NA
nest 901,FALSE,unknown,NA
6672,FALSE,unknown,NA
nest 014,FALSE,unknown,NA
N 308,FALSE,unknown,NA
5338,FALSE,unknown,NA
N 127 ISL,FALSE,unknown,NA
on shore of Bay of Island,FALSE,unknown,NA
N 059,FALSE,unknown,NA
N 145 ISL,FALSE,unknown,NA
SW island shore,FALSE,unknown,NA
"Bayou Meto, Arkansas",FALSE,unknown,NA
N 149 ISL,FALSE,unknown,NA
"Atchafalya Delta, NWR Louisiana ",FALSE,unknown,NA
"Delta Wings Hunt Club, Arkansas",FALSE,unknown,NA
N140 ISL,FALSE,unknown,NA
N202,FALSE,unknown,NA
S of skunk pen,FALSE,unknown,NA
2 pd NNE of 6631,FALSE,unknown,NA
N66,FALSE,unknown,NA
N101 ISL,FALSE,unknown,NA
"Lafitte, Louissianna",FALSE,unknown,NA
1 pd NE of 4857 on opposite side of road,FALSE,unknown,NA
Nest #043,FALSE,unknown,NA
big pd SW of Andre Denis,FALSE,unknown,NA
Nest 081,FALSE,unknown,NA
nest 012,FALSE,unknown,NA
"Lacygne, Kansas",FALSE,unknown,NA
E of 1255 N 104,FALSE,unknown,NA
SW TRES Nest # 021,FALSE,unknown,NA
1 pd E of 94,FALSE,unknown,NA
Nest 040,FALSE,unknown,NA
Nest 088,FALSE,unknown,NA
1 pd SW 6631,FALSE,unknown,NA
Nest 135,FALSE,unknown,NA
N106,FALSE,unknown,NA
S of quanset sheetwater,FALSE,unknown,NA
pd S of 6672,FALSE,unknown,NA
Nest 023,FALSE,unknown,NA
2-3 ponds N of 5327,FALSE,unknown,NA
Nest 376,FALSE,unknown,NA
"Blytheville, Arkansas",FALSE,unknown,NA
nest 173,FALSE,unknown,NA
N107,FALSE,unknown,NA
"Licoln County, Arkansas",FALSE,unknown,NA
280 nest,FALSE,unknown,NA
nest 619,FALSE,unknown,NA
Nest #013  ,FALSE,unknown,NA
1 pd S o 6136,FALSE,unknown,NA
nest 339,FALSE,unknown,NA
2nd pd E of 8132,FALSE,unknown,NA
"1 m N of main road 
1 m N of NWA (1st pd SE of farm)*",FALSE,unknown,NA
"1 m N of main road 
1 m N of NWA (1st pd SE of farm)",FALSE,unknown,NA
Nest 215 ISL,FALSE,unknown,NA
"Schell City, Missouri",FALSE,unknown,NA
pd N of 4717,FALSE,unknown,NA
"Smackover, Arkansas",FALSE,unknown,NA
N153,FALSE,unknown,NA
"Raceland, LA",FALSE,unknown,NA
1 pd S of 4336,FALSE,unknown,NA
Nest #008,FALSE,unknown,NA
Nest 473,FALSE,unknown,NA
"2 pds E 
1 pd S of 2561",FALSE,unknown,NA
142 ISL,FALSE,unknown,NA
N236,FALSE,unknown,NA
W of 5338 in field,FALSE,unknown,NA
125 S,FALSE,unknown,NA
Nest 065,FALSE,unknown,NA
Nest 663,FALSE,unknown,NA
2 pds SE of Andre Denis yard,FALSE,unknown,NA
141 ISL,FALSE,unknown,NA
185 ISL,FALSE,unknown,NA
N144 ISL,FALSE,unknown,NA
1 E,FALSE,unknown,NA
Flush from nest 6136 (N166),FALSE,unknown,NA
144 ISL,FALSE,unknown,NA
5056,FALSE,unknown,NA
S of 5056 in crop,FALSE,unknown,NA
150 ISL,FALSE,unknown,NA
N 201,FALSE,unknown,NA
N105 ISL,FALSE,unknown,NA
134 ISL,FALSE,unknown,NA
N 26 I,FALSE,unknown,NA
N 017 N of quanset ,FALSE,unknown,NA
field N of 5056,FALSE,unknown,NA
N129 ISL,FALSE,unknown,NA
pond S of 6672,FALSE,unknown,NA
N218 ISL,FALSE,unknown,NA
N130 ISL,FALSE,unknown,NA
125 N,FALSE,unknown,NA
125,FALSE,unknown,NA
148 ISL,FALSE,unknown,NA
Nest 513 ISL,FALSE,unknown,NA
nest ,FALSE,unknown,NA
1 pd S of 3670 1 mi NW of Skomar's pd,FALSE,unknown,NA
Skomar's,FALSE,unknown,NA
1 pd SW of 5662,FALSE,unknown,NA
N126 ISL,FALSE,unknown,NA
N 214,FALSE,unknown,NA
6642,FALSE,unknown,NA
N029,FALSE,unknown,NA
1 L,FALSE,unknown,NA
143 ISL,FALSE,unknown,NA
N200,FALSE,unknown,NA
N # 029 S of captives,FALSE,unknown,NA
"Sabine Ref, LA",FALSE,unknown,NA
N 123 ISL,FALSE,unknown,NA
N 124 ISL,FALSE,unknown,NA
N 52 ISL,FALSE,unknown,NA
N 122 E of 67,FALSE,unknown,NA
1st pd S of 5723,FALSE,unknown,NA
133 ISL,FALSE,unknown,NA
N 119,FALSE,unknown,NA
N 045 ISL,FALSE,unknown,NA
SW 90,FALSE,unknown,NA
Nest ,FALSE,unknown,NA
Nest # 018,FALSE,unknown,NA
N70,FALSE,unknown,NA
N 136 ISL,FALSE,unknown,NA
1 N,FALSE,unknown,NA
90,FALSE,unknown,NA
1 pd S of 6113,FALSE,unknown,NA
1/2 mi further South of 1 pd S of 6113,FALSE,unknown,NA
N018 ISL,FALSE,unknown,NA
1 pd SW of 3670,FALSE,unknown,NA
Skomar's  ,FALSE,unknown,NA
N196,FALSE,unknown,NA
9338,FALSE,unknown,NA
N047 ISL,FALSE,unknown,NA
530 nest,FALSE,unknown,NA
1 mi N of town of St Denis,FALSE,unknown,NA
N174,FALSE,unknown,NA
N301,FALSE,unknown,NA
pd South 6751,FALSE,unknown,NA
N082,FALSE,unknown,NA
N69,FALSE,unknown,NA
N039,FALSE,unknown,NA
N210 ISL,FALSE,unknown,NA
N 086,FALSE,unknown,NA
4156 Skomar's,FALSE,unknown,NA
Skomar's N295,FALSE,unknown,NA
Skomar's 4851,FALSE,unknown,NA
N083,FALSE,unknown,NA
Nest 024,FALSE,unknown,NA
N101,FALSE,unknown,NA
N 61,FALSE,unknown,NA
N129,FALSE,unknown,NA
N181,FALSE,unknown,NA
66,FALSE,unknown,NA
ESE Rene Lebreque,FALSE,unknown,NA
N 056,FALSE,unknown,NA
N 199,FALSE,unknown,NA
N142 ISL,FALSE,unknown,NA
"Madisonville, Kentucky",FALSE,unknown,NA
N150,FALSE,unknown,NA
1st pd SE of Bousierres driveway,FALSE,unknown,NA
N13,FALSE,unknown,NA
N203,FALSE,unknown,NA
N027,FALSE,unknown,NA
N211,FALSE,unknown,NA
N215,FALSE,unknown,NA
N193,FALSE,unknown,NA
N354,FALSE,unknown,NA
Skomar's (4851),FALSE,unknown,NA
N209,FALSE,unknown,NA
N254,FALSE,unknown,NA
1st pd SW of Boursierre's driveway,FALSE,unknown,NA
N126,FALSE,unknown,NA
N276,FALSE,unknown,NA
1 SE,FALSE,unknown,NA
N19 ISL,FALSE,unknown,NA
N 230 ISL,FALSE,unknown,NA
125S,FALSE,unknown,NA
N213,FALSE,unknown,NA
N375,FALSE,unknown,NA
1st pd E side of road 1 mi N of NWA sign main road,FALSE,unknown,NA
N282,FALSE,unknown,NA
4136,FALSE,unknown,NA
N235,FALSE,unknown,NA
N 046,FALSE,unknown,NA
N024,FALSE,unknown,NA
(ISL) N218,FALSE,unknown,NA
20 W,FALSE,unknown,NA
in crop S 110/111,FALSE,unknown,NA
N100,FALSE,unknown,NA
N172,FALSE,unknown,NA
N058,FALSE,unknown,NA
N212,FALSE,unknown,NA
N169,FALSE,unknown,NA
N221,FALSE,unknown,NA
N018,FALSE,unknown,NA
N233,FALSE,unknown,NA
N204,FALSE,unknown,NA
N267 ISL,FALSE,unknown,NA
N291,FALSE,unknown,NA
N307,FALSE,unknown,NA
1,FALSE,unknown,NA
1 South,FALSE,unknown,NA
N214 ISL,FALSE,unknown,NA
1 E ,FALSE,unknown,NA
N022,FALSE,unknown,NA
N 052,FALSE,unknown,NA
N079,FALSE,unknown,NA
N081,FALSE,unknown,NA
N222,FALSE,unknown,NA
N111,FALSE,unknown,NA
nS22,FALSE,unknown,NA
nS21,FALSE,unknown,NA
n20,FALSE,unknown,NA
NW66,FALSE,unknown,NA
nS01,FALSE,unknown,NA
nS7,FALSE,unknown,NA
Pd S of Pd,FALSE,unknown,NA
n17,FALSE,unknown,NA
nPO1E,FALSE,unknown,NA
90B,FALSE,unknown,NA
n28,FALSE,unknown,NA
n310,FALSE,unknown,NA
n316,FALSE,unknown,NA
n16,FALSE,unknown,NA
n13,FALSE,unknown,NA
PdIW,FALSE,unknown,NA
n245,FALSE,unknown,NA
n9,FALSE,unknown,NA
"1 section ""Mille"" N of studied area west side of road",FALSE,unknown,NA
n167,FALSE,unknown,NA
n313,FALSE,unknown,NA
nS-5,FALSE,unknown,NA
n418,FALSE,unknown,NA
Pd W of Boussiere,FALSE,unknown,NA
SEshore_of_island,FALSE,unknown,NA
Island;n225,FALSE,unknown,NA
Island; n210,FALSE,unknown,NA
n292,FALSE,unknown,NA
n331 (Island),FALSE,unknown,NA
n326,FALSE,unknown,NA
n172,FALSE,unknown,NA
Skomar's pond,FALSE,unknown,NA
n413,FALSE,unknown,NA
Pd Skomar's,FALSE,unknown,NA
Skomar,FALSE,unknown,NA
nS-4,FALSE,unknown,NA
S-1,FALSE,unknown,NA
nS-1,FALSE,unknown,NA
nS-3,FALSE,unknown,NA
Pond S of 90 (90A),FALSE,unknown,NA
Pond N of 6642,FALSE,unknown,NA
Pond S of 90B,FALSE,unknown,NA
First Pd NE of BOUSS.,FALSE,unknown,NA
W of BOUSS.,FALSE,unknown,NA
"Staples, Texas",FALSE,unknown,NA
P/W,FALSE,unknown,NA
P/S,FALSE,unknown,NA
n371,FALSE,unknown,NA
n71,FALSE,unknown,NA
n201,FALSE,unknown,NA
Pd09,FALSE,unknown,NA
n283,FALSE,unknown,NA
n220,FALSE,unknown,NA
n370,FALSE,unknown,NA
n125 island,FALSE,unknown,NA
n411,FALSE,unknown,NA
n437,FALSE,unknown,NA
377i,FALSE,unknown,NA
n192,FALSE,unknown,NA
island n211,FALSE,unknown,NA
PdW1,FALSE,unknown,NA
N367,FALSE,unknown,NA
N365,FALSE,unknown,NA
N388I,FALSE,unknown,NA
N438,FALSE,unknown,NA
N5-6,FALSE,unknown,NA
N192,FALSE,unknown,NA
N25,FALSE,unknown,NA
Lvg Pd SSW 8m. Denis,FALSE,unknown,NA
6136,FALSE,unknown,NA
N314,FALSE,unknown,NA
Pd W of Boussiers,FALSE,unknown,NA
Salvador Ref Louisiana,FALSE,unknown,NA
E of 94,FALSE,unknown,NA
N274,FALSE,unknown,NA
71,FALSE,unknown,NA
65,FALSE,unknown,NA
Skomar's Pd,FALSE,unknown,NA
N341,FALSE,unknown,NA
"2 pds N of 2943; 1/2 mi N, 1/4 mi 4 of Arthur's House",FALSE,unknown,NA
N407,FALSE,unknown,NA
Minnesota,FALSE,unknown,NA
IE,FALSE,unknown,NA
"Logansport, LA",FALSE,unknown,NA
1N,FALSE,unknown,NA
1NW,FALSE,unknown,NA
N238,FALSE,unknown,NA
N230,FALSE,unknown,NA
N187,FALSE,unknown,NA
N175,FALSE,unknown,NA
N232,FALSE,unknown,NA
N119,FALSE,unknown,NA
near sabine pass texas,FALSE,unknown,NA
NE of hose,FALSE,unknown,NA
NW of house,FALSE,unknown,NA
most h 74,FALSE,unknown,NA
n73(successful),FALSE,unknown,NA
n131,FALSE,unknown,NA
S fence of W block SE 56,FALSE,unknown,NA
n33,FALSE,unknown,NA
SW pig farm,FALSE,unknown,NA
feeding scu of gute east sve of west block at 2015,FALSE,unknown,NA
n46,FALSE,unknown,NA
n119,FALSE,unknown,NA
n114,FALSE,unknown,NA
NNW house,FALSE,unknown,NA
SW W block,FALSE,unknown,NA
n47,FALSE,unknown,NA
n95,FALSE,unknown,NA
n16A,FALSE,unknown,NA
n117,FALSE,unknown,NA
n53,FALSE,unknown,NA
n89,FALSE,unknown,NA
field north of 27,FALSE,unknown,NA
100 m NE quanset,FALSE,unknown,NA
n286,FALSE,unknown,NA
n48,FALSE,unknown,NA
p island,FALSE,unknown,NA
n025,FALSE,unknown,NA
n087,FALSE,unknown,NA
n168,FALSE,unknown,NA
n143,FALSE,unknown,NA
NE (NWA) in flooded stubble,FALSE,unknown,NA
andre denis pd on island,FALSE,unknown,NA
n058,FALSE,unknown,NA
pd W of Bouissiere's with junk in it,FALSE,unknown,NA
n363,FALSE,unknown,NA
n68,FALSE,unknown,NA
n69,FALSE,unknown,NA
SW of north Bouissiere's resicende (N of NE side of study area) large wetland,FALSE,unknown,NA
n06,FALSE,unknown,NA
westside of island,FALSE,unknown,NA
stubble NE of NWA,FALSE,unknown,NA
n241,FALSE,unknown,NA
unk,FALSE,unknown,NA
w Boussia's,FALSE,unknown,NA
nwa on the SE corner,FALSE,unknown,NA
n216 (ISL),FALSE,unknown,NA
2nd pd WS of Bous,FALSE,unknown,NA
ukn,FALSE,unknown,NA
pond NE of Boussiers,FALSE,unknown,NA
SE corner NWA,FALSE,unknown,NA
SE of Boussiers,FALSE,unknown,NA
2nd pd S of senwa corner,FALSE,unknown,NA
n941,FALSE,unknown,NA
p?,FALSE,unknown,NA
n281,FALSE,unknown,NA
First pond S of NWA sign ,FALSE,unknown,NA
4438,FALSE,unknown,NA
unknown,FALSE,unknown,NA
Arthur's big pd,FALSE,unknown,NA
UNK ,FALSE,unknown,NA
1 sec S of Bous,FALSE,unknown,NA
"LK Erie, Ohio",FALSE,unknown,NA
50,FALSE,unknown,NA
Nest 239 ,FALSE,unknown,NA
4857,FALSE,unknown,NA
Nest 266,FALSE,unknown,NA
W of Bousierre ,FALSE,unknown,NA
Bousierre's pd ,FALSE,unknown,NA
pd W of Bousierre 6163?,FALSE,unknown,NA
Nest 468,FALSE,unknown,NA
pd W of Bousierre's ,FALSE,unknown,NA
nest  ,FALSE,unknown,NA
ESE Rene Labreque,FALSE,unknown,NA
5335,FALSE,unknown,NA
6753,FALSE,unknown,NA
6751,FALSE,unknown,NA
7144,FALSE,unknown,NA
"SE corner, kitty corner from skunk pen",FALSE,unknown,NA
pd S of skunk pen,FALSE,unknown,NA
nest 296,FALSE,unknown,NA
7040,FALSE,unknown,NA
1st of pd SW of 7044,FALSE,unknown,NA
6742,FALSE,unknown,NA
"same loc as 3.024, pd SW of Labreques",FALSE,unknown,NA
large pond along road SW Labreque's,FALSE,unknown,NA
nest 291,FALSE,unknown,NA
NW 4717,FALSE,unknown,NA
nest 576 N of quanset,FALSE,unknown,NA
N112,FALSE,unknown,NA
1 pd SE of 4336,FALSE,unknown,NA
4717,FALSE,unknown,NA
2 pd S of Renevesreqe,FALSE,unknown,NA
nest 432,FALSE,unknown,NA
Nest 432,FALSE,unknown,NA
nest 231,FALSE,unknown,NA
1/4 mi W of Labreques,FALSE,unknown,NA
pd - ,FALSE,unknown,NA
pd W of 6136,FALSE,unknown,NA
"W of 6136, E of 5335",FALSE,unknown,NA
N393,FALSE,unknown,NA
SW of National sign (South end),FALSE,unknown,NA
Nest 131,FALSE,unknown,NA
nest 240,FALSE,unknown,NA
Large wetland SW of Nothern Bouissierre's residence (NE side N pf study area),FALSE,unknown,NA
Lg pd SW of North Bouisierre's Res,FALSE,unknown,NA
Nest 395/96,FALSE,unknown,NA
1st pd W of 6662,FALSE,unknown,NA
Nest 285,FALSE,unknown,NA
Nest 302,FALSE,unknown,NA
"SW of Lebreque's, same pd as 3.024",FALSE,unknown,NA
S of Arthur's House,FALSE,unknown,NA
SW of Lebreque's same as 3.024,FALSE,unknown,NA
Nest 308,FALSE,unknown,NA
pd west of Lebreques,FALSE,unknown,NA
Nest 274,FALSE,unknown,NA
"SW of Lebreques, LOC same as freq, 3.024",FALSE,unknown,NA
SW of Lebreques,FALSE,unknown,NA
"Same as freq, 3.024",FALSE,unknown,NA
Nest 252,FALSE,unknown,NA
1/8 mi N of farmhouse (S of Arthur's),FALSE,unknown,NA
Nest 249,FALSE,unknown,NA
"N of Arthur's, SW of old house",FALSE,unknown,NA
pd SE of Arthur's,FALSE,unknown,NA
"pd SE of Arthur's, E shore",FALSE,unknown,NA
Nest 354,FALSE,unknown,NA
1 pd N of 5258,FALSE,unknown,NA
124,FALSE,unknown,NA
skomars,FALSE,unknown,NA
skomar,FALSE,unknown,NA
N 302,FALSE,unknown,NA
South of 5164,FALSE,unknown,NA
Just South of 5164,FALSE,unknown,NA
Near 5164,FALSE,unknown,NA
nest 282,FALSE,unknown,NA
Nest 449,FALSE,unknown,NA
N 261,FALSE,unknown,NA
27,FALSE,unknown,NA
N 348,FALSE,unknown,NA
nest 294,FALSE,unknown,NA
N 314,FALSE,unknown,NA
1st pd; Nest,FALSE,unknown,NA
pd ?,FALSE,unknown,NA
"Holly Beach, Louisiana",FALSE,unknown,NA
1st pd E of 7966,FALSE,unknown,NA
6622,FALSE,unknown,NA
N223,FALSE,unknown,NA
"Conway, Arkansas",FALSE,unknown,NA
pd,FALSE,unknown,NA
1/2 mile N of trailer E of road @ 1/2 section line,FALSE,unknown,NA
Stomar's,FALSE,unknown,NA
N306,FALSE,unknown,NA
1st pd NE of 5056,FALSE,unknown,NA
pd NE of 4857,FALSE,unknown,NA
Nest 143,FALSE,unknown,NA
2nd wetland N of Labreques Farm,FALSE,unknown,NA
1st wetland N of 7144,FALSE,unknown,NA
2nd pd N of 7044,FALSE,unknown,NA
nest 462,FALSE,unknown,NA
lrge pd West of Skomar's farm,FALSE,unknown,NA
lrge pd SW of 7044,FALSE,unknown,NA
N410,FALSE,unknown,NA
410,FALSE,unknown,NA
N of 7044,FALSE,unknown,NA
pd directly E of Boussier's access road,FALSE,unknown,NA
N 173,FALSE,unknown,NA
Nest 256,FALSE,unknown,NA
Nest 424,FALSE,unknown,NA
nest 571 (N quanset),FALSE,unknown,NA
N 432,FALSE,unknown,NA
Lge Pd West of Skomar's house,FALSE,unknown,NA
"Hackberry, Louisianna",FALSE,unknown,NA
Shetwtr. east/46,FALSE,unknown,NA
pd W of 6631 W of Road,FALSE,unknown,NA
11,FALSE,unknown,NA
"Trimle, Tennesee",FALSE,unknown,NA
1 pd NW of 7040,FALSE,unknown,NA
1st pd most SW of Sk Land N of area,FALSE,unknown,NA
nest 649 island,FALSE,unknown,NA
N 383,FALSE,unknown,NA
N398,FALSE,unknown,NA
N 345,FALSE,unknown,NA
5634,FALSE,unknown,NA
N231,FALSE,unknown,NA
Mississippi,FALSE,unknown,NA
N376,FALSE,unknown,NA
N 390,FALSE,unknown,NA
N 344,FALSE,unknown,NA
6954,FALSE,unknown,NA
"Helena, Arkansas",FALSE,unknown,NA
N313,FALSE,unknown,NA
N381,FALSE,unknown,NA
pd S of 6674,FALSE,unknown,NA
Near Jamestown N.D.,FALSE,unknown,NA
"1/2 mi N 
1/4 mi W of Arthur's farm",FALSE,unknown,NA
"Pecan Island, LA",FALSE,unknown,outside area
See comments,FALSE,unknown,NA
comments,FALSE,unknown,NA
"Delacroix, LA",FALSE,unknown,outside area
N 177,FALSE,unknown,NA
N 158,FALSE,unknown,NA
W 172,FALSE,unknown,NA
"Kulm, ND",FALSE,unknown,outside area
N 169,FALSE,unknown,NA
"Wallisville, Texas",FALSE,unknown,outside area
N 168,FALSE,unknown,NA
N 241,FALSE,unknown,NA
N 217,FALSE,unknown,NA
1/3 M E of SE corner of NWA,FALSE,unknown,NA
N202 Isl,FALSE,unknown,NA
"Marksville, LA",FALSE,unknown,NA
N 311,FALSE,unknown,NA
4336,FALSE,unknown,NA
see comments,FALSE,unknown,NA
N 305,FALSE,unknown,NA
N 257,FALSE,unknown,NA
N 281,FALSE,unknown,NA
1 pd SE 4336,FALSE,unknown,NA
pd 0935,FALSE,unknown,NA
N 265,FALSE,unknown,NA
N 251,FALSE,unknown,NA
N 414,FALSE,unknown,NA
0d 26,FALSE,unknown,NA
N 361,FALSE,unknown,NA
N 312,FALSE,unknown,NA
"Chalmette, LA",FALSE,unknown,NA
pd N of 5056,FALSE,unknown,NA
N 385,FALSE,unknown,NA
N 417,FALSE,unknown,NA
Skopar's,FALSE,unknown,NA
"Eudora, Arkansas",FALSE,unknown,outside area
N 396,FALSE,unknown,NA
N 418,FALSE,unknown,NA
N 191,FALSE,unknown,NA
1/3 M East of SE corner of NWA,FALSE,unknown,NA
N 379,FALSE,unknown,NA
90 b,FALSE,unknown,NA
N 126 Isl,FALSE,unknown,NA
Clarksdale MS,FALSE,unknown,NA
N 422,FALSE,unknown,NA
N 338,FALSE,unknown,NA
N 217 Isl,FALSE,unknown,NA
"Dumus, Arkansas",FALSE,unknown,outside area
S of NWA approx 2 mi,FALSE,unknown,NA
1 m N of town of St. Denis,FALSE,unknown,surrounding area
pd N of 7040,FALSE,unknown,NA
N 301,FALSE,unknown,NA
1.5 mi SW of Arthur 1 mi W of Labreques,FALSE,unknown,NA
N 294,FALSE,unknown,NA
1 pd NE of 5056,FALSE,unknown,NA
"Buffalo, Texas",FALSE,unknown,NA
Lrge pd SW of 4727,FALSE,unknown,NA
p cd. 3635,FALSE,unknown,NA
n121,FALSE,unknown,NA
5965N,FALSE,unknown,NA
n107,FALSE,unknown,NA
n27,FALSE,unknown,NA
n76,FALSE,unknown,NA
n150,FALSE,unknown,NA
n87,FALSE,unknown,NA
n37,FALSE,unknown,NA
n98,FALSE,unknown,NA
n140,FALSE,unknown,NA
n75,FALSE,unknown,NA
79E,FALSE,unknown,NA
n115,FALSE,unknown,NA
n92,FALSE,unknown,NA
n38,FALSE,unknown,NA
n39,FALSE,unknown,NA
New House ,FALSE,unknown,NA
n123,FALSE,unknown,NA
pond #3670,FALSE,unknown,within park
pond #4857,FALSE,unknown,within park
SE of Pd5338,FALSE,unknown,within park
S of Pd5338,FALSE,unknown,within park
South of Pd 5338,FALSE,unknown,within park
2 Pd N of Pd 6642,FALSE,unknown,within park
SE of Pd5056,FALSE,unknown,within park
Pd4857,FALSE,unknown,within park
South of Pd 5338 Norhwest Siae,FALSE,unknown,within park
Pd 4439,FALSE,unknown,within park
South Pd 4439 central South pond,FALSE,unknown,within park
Pd 6753,FALSE,unknown,within park
Pd6753,FALSE,unknown,within park
South of Pd 5338 First Pd South of power lines in crop,FALSE,unknown,within park
350 East Pd 5056,FALSE,unknown,within park
Pd 4156 Skomar's ,FALSE,unknown,within park
350m E pd 5056,FALSE,unknown,within park
pd 5338,FALSE,unknown,within park
pd 6317,FALSE,unknown,within park
pd 6753,FALSE,unknown,within park
pd 6642,FALSE,unknown,within park
pd 5056,FALSE,unknown,within park
pd 9338,FALSE,unknown,within park
1st pd SE of pd 5338,FALSE,unknown,within park
pd 906,FALSE,unknown,within park
pd 5335,FALSE,unknown,within park
(7144) pd 7040,FALSE,unknown,within park
1/4 mi S of pd 7040,FALSE,unknown,within park
greater or equal to 3 mi NE of pd 7040 ,FALSE,unknown,within park
Near pd 2938,FALSE,unknown,within park
S of pd 799 nest 403,FALSE,unknown,within park
S pd 5338,FALSE,unknown,within park
pd 4327,FALSE,unknown,within park
S of pd 5338 1st pd S of powerlines in crop,FALSE,unknown,within park
pd 6751,FALSE,unknown,within park
pd 6631,FALSE,unknown,within park
SW of pd 6631 E side of road,FALSE,unknown,within park
pd 9350,FALSE,unknown,within park
pd 8367,FALSE,unknown,within park
SW pd 9350,FALSE,unknown,within park
pd 7966,FALSE,unknown,within park
pd 6136,FALSE,unknown,within park
big pd 8132 NE of Andre Denis,FALSE,unknown,within park
pd 8132 NE Andre Denis farm,FALSE,unknown,within park
nest # 412 N of pd 5056,FALSE,unknown,within park
pd 7662?,FALSE,unknown,within park
SW end pd 9350,FALSE,unknown,within park
S of pd 5056,FALSE,unknown,within park
pd 6954,FALSE,unknown,within park
"Skomar's pd, pd 4156",FALSE,unknown,within park
SW pd 5662,FALSE,unknown,within park
pd 8443,FALSE,unknown,within park
pd 7044,FALSE,unknown,within park
5 pds N of pd 2943,FALSE,unknown,within park
SCAUP 12,FALSE,unknown,NA
Pd 5338,FALSE,unknown,within park
Pd4327,FALSE,unknown,within park
Pd 6642,FALSE,unknown,within park
Pd6642,FALSE,unknown,within park
Pd6136,FALSE,unknown,within park
Pd4156 Skomar's,FALSE,unknown,within park
Pd6944,FALSE,unknown,within park
pD3558,FALSE,unknown,within park
Pd4717,FALSE,unknown,within park
Pd6751,FALSE,unknown,within park
Pd7040,FALSE,unknown,within park
Pd7079,FALSE,unknown,within park
Pd6317,FALSE,unknown,within park
Pd4437,FALSE,unknown,within park
N305; Pd905,FALSE,unknown,within park
Pd5358,FALSE,unknown,within park
Pd906,FALSE,unknown,within park
Pd6136 Bouisier's Pd,FALSE,unknown,within park
Pd6954,FALSE,unknown,within park
Pd6951,FALSE,unknown,within park
Pd1125,FALSE,unknown,within park
p1250,FALSE,unknown,within park
p4857,FALSE,unknown,within park
p5056,FALSE,unknown,within park
p7144,FALSE,unknown,within park
p6753,FALSE,unknown,within park
p4717,FALSE,unknown,within park
p6953,FALSE,unknown,within park
p4857 E,FALSE,unknown,within park
p6954,FALSE,unknown,within park
p4851,FALSE,unknown,within park
p5338 S,FALSE,unknown,within park
p5338,FALSE,unknown,within park
p5335,FALSE,unknown,within park
p6753 SE,FALSE,unknown,within park
p6751 E,FALSE,unknown,within park
p6753 W,FALSE,unknown,within park
p6751 N,FALSE,unknown,within park
p6753 N,FALSE,unknown,within park
p6136,FALSE,unknown,within park
p8132 andre's denis yd pd,FALSE,unknown,within park
1/2 mile N of 5056 (pd 5258) ,FALSE,unknown,within park
"""pd 6136""",FALSE,unknown,within park
pd 6751 ,FALSE,unknown,within park
pd 6672,FALSE,unknown,within park
pd 7040,FALSE,unknown,within park
pd 8132,FALSE,unknown,within park
NE of pd 5056,FALSE,unknown,within park
pd 4634,FALSE,unknown,within park
pd 4332,FALSE,unknown,within park
pd 4156 Skomar's pd,FALSE,unknown,within park
pd 8143,FALSE,unknown,within park
pd 6622,FALSE,unknown,within park
pd 5258,FALSE,unknown,within park
1st large wetland E of pd 7144,FALSE,unknown,within park
pd 7144,FALSE,unknown,within park
pd 6136; N of 85 pd W 92,FALSE,unknown,within park
pd 6954 (2 pds N of 7044),FALSE,unknown,within park
pd 8119,FALSE,unknown,within park
"Skomar's Pd, Pd 4156",FALSE,unknown,within park
"pd 6672 St. Denis, SK",FALSE,unknown,within park
pd 8107,FALSE,unknown,within park
"Skomar's pd
pd 4156",FALSE,unknown,within park
pd 3535,FALSE,unknown,within park
2nd pd to N of pd 5723,FALSE,unknown,within park
pd 5723,FALSE,unknown,within park
SW pd 7040,FALSE,unknown,within park
off area pd 6317,FALSE,unknown,within park
SE on crop 50,FALSE,unknown,NA
pd 1257,FALSE,unknown,within park
S end pd 5723,FALSE,unknown,within park
pd 4328,FALSE,unknown,within park
pd 4717,FALSE,unknown,within park
p7152,FALSE,unknown,within park
p8132,FALSE,unknown,within park
NE end Pd1 no sighting,NA,NA,NA
Pd84 no sighting,NA,NA,NA